#0 building with "default" instance using docker driver

#1 [internal] load build definition from Dockerfile
#1 transferring dockerfile: 4.11kB done
#1 DONE 0.0s

#2 resolve image config for docker-image://docker.io/docker/dockerfile:1
#2 DONE 0.7s

#3 docker-image://docker.io/docker/dockerfile:1@sha256:2780b5c3bab67f1f76c781860de469442999ed1a0d7992a5efdf2cffc0e3d769
#3 resolve docker.io/docker/dockerfile:1@sha256:2780b5c3bab67f1f76c781860de469442999ed1a0d7992a5efdf2cffc0e3d769 0.0s done
#3 CACHED

#4 [internal] load metadata for docker.io/nvidia/cuda:13.2.1-devel-ubuntu24.04
#4 DONE 0.6s

#5 [internal] load metadata for docker.io/nvidia/cuda:13.2.1-runtime-ubuntu24.04
#5 DONE 0.6s

#6 [internal] load .dockerignore
#6 transferring context: 406B done
#6 DONE 0.0s

#7 [stage-1  1/19] FROM docker.io/nvidia/cuda:13.2.1-runtime-ubuntu24.04@sha256:4c17c2e7474ca1d470428b25e87e95756f51e7da3b663859894a03bc5a7ebdae
#7 resolve docker.io/nvidia/cuda:13.2.1-runtime-ubuntu24.04@sha256:4c17c2e7474ca1d470428b25e87e95756f51e7da3b663859894a03bc5a7ebdae 0.0s done
#7 DONE 0.0s

#8 [builder 1/6] FROM docker.io/nvidia/cuda:13.2.1-devel-ubuntu24.04@sha256:44a9504c6dfb50b1241464241b02a93871928f373de6f5a644cf5fe9f080aa63
#8 resolve docker.io/nvidia/cuda:13.2.1-devel-ubuntu24.04@sha256:44a9504c6dfb50b1241464241b02a93871928f373de6f5a644cf5fe9f080aa63 0.0s done
#8 DONE 0.0s

#9 [internal] load build context
#9 transferring context: 2.04MB 0.7s done
#9 DONE 0.8s

#10 [builder 2/6] RUN { sed -i 's|archive.ubuntu.com|de.archive.ubuntu.com|g; s|security.ubuntu.com|de.archive.ubuntu.com|g'           /etc/apt/sources.list.d/ubuntu.sources 2>/dev/null || true; }     && apt-get update     && apt-get install -y --only-upgrade --allow-change-held-packages         $(dpkg-query -W -f='${Package}\n' | grep -E '^(cuda-|libcublas|libcudnn|libnvjitlink|libnvjpeg|libnpp|libcurand|libcusolver|libcusparse|libcufft|libnccl|libnvfatbin|libnvptxcompiler|libnvvm|libcufile|libcuobjclient)')     && apt-get install -y --no-install-recommends         g++ git ninja-build ca-certificates python3 wget     && wget -qO /tmp/cmake.sh https://github.com/Kitware/CMake/releases/download/v4.3.1/cmake-4.3.1-linux-x86_64.sh     && sh /tmp/cmake.sh --skip-license --prefix=/usr/local     && rm /tmp/cmake.sh     && rm -rf /var/lib/apt/lists/*
#10 CACHED

#11 [builder 3/6] WORKDIR /src
#11 CACHED

#12 [builder 4/6] COPY . .
#12 DONE 3.5s

#13 [builder 5/6] RUN sed -i 's/-march=native/-march=x86-64-v3/g' cmake/CompilerFlags.cmake
#13 DONE 0.3s

#14 [builder 6/6] RUN cmake -B build -G Ninja         -DCMAKE_BUILD_TYPE=RelWithDebInfo         -DIMP_BUILD_TESTS=ON         -DIMP_BUILD_BENCH=ON         -DIMP_BUILD_TOOLS=ON         -DIMP_BUILD_SERVER=ON     && cmake --build build -j$(nproc)     && cp build/imp-server build/imp-cli /tmp/     && if [ -f build/imp-tests ]; then            cp build/imp-tests /tmp/            && for b in test-core test-text test-compute test-attention                        test-quant test-kv test-moe-gdn test-e2e; do                   [ -f "build/$b" ] && cp "build/$b" /tmp/;               done;        fi     && ([ -f build/imp-bench ] && cp build/imp-bench /tmp/ || true)     && ([ -f build/test-gdn ] && cp build/test-gdn /tmp/ || true)
#14 0.325 -- The C compiler identification is GNU 13.3.0
#14 0.362 -- The CXX compiler identification is GNU 13.3.0
#14 0.848 -- The CUDA compiler identification is NVIDIA 13.2.78 with host compiler GNU 13.3.0
#14 0.854 -- Detecting C compiler ABI info
#14 0.882 -- Detecting C compiler ABI info - done
#14 0.891 -- Check for working C compiler: /usr/bin/cc - skipped
#14 0.891 -- Detecting C compile features
#14 0.892 -- Detecting C compile features - done
#14 0.899 -- Detecting CXX compiler ABI info
#14 0.931 -- Detecting CXX compiler ABI info - done
#14 0.939 -- Check for working CXX compiler: /usr/bin/c++ - skipped
#14 0.940 -- Detecting CXX compile features
#14 0.940 -- Detecting CXX compile features - done
#14 0.946 -- Detecting CUDA compiler ABI info
#14 1.358 -- Detecting CUDA compiler ABI info - done
#14 1.382 -- Check for working CUDA compiler: /usr/local/cuda/bin/nvcc - skipped
#14 1.383 -- Detecting CUDA compile features
#14 1.384 -- Detecting CUDA compile features - done
#14 1.392 -- Found CUDAToolkit: /usr/local/cuda/targets/x86_64-linux/include;/usr/local/cuda/targets/x86_64-linux/include/cccl (found suitable version "13.2.78", minimum required is "13.2")
#14 1.392 -- Performing Test CMAKE_HAVE_LIBC_PTHREAD
#14 1.423 -- Performing Test CMAKE_HAVE_LIBC_PTHREAD - Success
#14 1.423 -- Found Threads: TRUE
#14 1.461 -- CUDA 13.2.78 detected
#14 1.461 -- CUDA architectures: sm_120f (RTX 5090)
#14 10.61 -- CMake Version: 4.3.1
#14 10.61 -- CUTLASS 4.4.2
#14 10.61 -- Found CUDAToolkit: /usr/local/cuda/targets/x86_64-linux/include;/usr/local/cuda/targets/x86_64-linux/include/cccl (found version "13.2.78")
#14 10.62 -- CUDART: /usr/local/cuda/lib64/libcudart.so
#14 10.62 -- CUDA Driver: /usr/local/cuda/lib64/stubs/libcuda.so
#14 10.62 -- NVRTC: /usr/local/cuda/lib64/libnvrtc.so
#14 10.62 -- Default Install Location: install
#14 10.69 -- Found Python3: /usr/bin/python3.12 (found suitable version "3.12.3", minimum required is "3.5") found components: Interpreter
#14 10.75 -- CUDA Compilation Architectures: 70;72;75;80;86;87;89;90;90a;100;100a;120;120a;121;121a;110;110a;100f;120f;121f;103a;103f;110f;110;110a
#14 10.75 -- Enable caching of reference results in conv unit tests
#14 10.75 -- Enable rigorous conv problem sizes in conv unit tests
#14 10.75 -- Grid Dependency Control (GDC) is enabled for SM100 kernels (required for programmatic dependent launches).
#14 10.75 -- Using the following NVCC flags: 
#14 10.75   --expt-relaxed-constexpr
#14 10.75   -ftemplate-backtrace-limit=0
#14 10.75   -DCUTLASS_TEST_LEVEL=0
#14 10.75   -DCUTLASS_TEST_ENABLE_CACHED_RESULTS=1
#14 10.75   -DCUTLASS_CONV_UNIT_TEST_RIGOROUS_SIZE_ENABLED=1
#14 10.75   -DCUTLASS_DEBUG_TRACE_LEVEL=0
#14 10.75   -DCUTLASS_SM100_FAMILY_ARCHS_ENABLED
#14 10.75   -DCUTLASS_SM100_FAMILY_ARCHS_ENABLED
#14 10.75   -Xcompiler=-Wconversion
#14 10.75   -Xcompiler=-fno-strict-aliasing
#14 10.75   -lineinfo
#14 10.76 -- Configuring cublas ...
#14 10.76 -- cuBLAS Disabled.
#14 10.76 -- Configuring cuBLAS ... done.
#14 22.13 -- Using the multi-header code from /src/build/_deps/nlohmann_json-src/include/
#14 22.14 -- Configuring done (21.8s)
#14 22.17 -- Generating done (0.0s)
#14 22.17 -- Build files have been written to: /src/build
#14 22.21 [1/234] Building CXX object CMakeFiles/imp.dir/src/core/qtype.cpp.o
#14 22.30 [2/234] Building CXX object CMakeFiles/imp.dir/src/core/logging.cpp.o
#14 22.64 [3/234] Building CXX object CMakeFiles/imp.dir/src/core/buffer.cpp.o
#14 22.65 [4/234] Building CXX object CMakeFiles/imp.dir/src/core/tensor.cpp.o
#14 22.89 [5/234] Building CXX object CMakeFiles/imp.dir/src/core/allocator.cpp.o
#14 23.14 [6/234] Building CXX object CMakeFiles/imp.dir/src/memory/pinned_allocator.cpp.o
#14 23.25 [7/234] Building CXX object CMakeFiles/imp.dir/src/core/threading.cpp.o
#14 23.43 [8/234] Building CXX object CMakeFiles/imp.dir/src/model/llm_compressor_loader.cpp.o
#14 23.49 [9/234] Building CXX object CMakeFiles/imp.dir/src/model/model.cpp.o
#14 23.51 [10/234] Building CXX object CMakeFiles/imp.dir/src/model/tensor_kind_name.cpp.o
#14 23.51 /src/src/model/tensor_kind_name.cpp: In function 'const char* imp::tensor_kind_name(TensorKind)':
#14 23.51 /src/src/model/tensor_kind_name.cpp:6:12: warning: enumeration value '_COUNT' not handled in switch [-Wswitch]
#14 23.51     6 |     switch (k) {
#14 23.51       |            ^
#14 23.55 [11/234] Building CXX object CMakeFiles/imp.dir/src/model/json_util.cpp.o
#14 23.86 [12/234] Building CXX object CMakeFiles/imp.dir/src/model/tensor_kind_matcher.cpp.o
#14 24.47 [13/234] Building CXX object CMakeFiles/imp.dir/src/model/hf_hub.cpp.o
#14 24.53 [14/234] Building CXX object CMakeFiles/imp.dir/src/memory/kv_cache_manager.cpp.o
#14 24.58 [15/234] Building CUDA object CMakeFiles/imp.dir/src/memory/ssm_state.cu.o
#14 24.67 [16/234] Building CUDA object CMakeFiles/imp.dir/src/memory/device_allocator.cu.o
#14 24.67 [17/234] Building CUDA object CMakeFiles/imp.dir/src/memory/gdn_state.cu.o
#14 24.86 [18/234] Building CUDA object CMakeFiles/imp.dir/src/model/tensor_kind_table.cu.o
#14 24.94 [19/234] Building CXX object CMakeFiles/imp.dir/src/model/hf_config_loader.cpp.o
#14 25.19 [20/234] Building CUDA object CMakeFiles/imp.dir/src/memory/vram_allocator.cu.o
#14 25.42 [21/234] Building CUDA object CMakeFiles/imp.dir/src/memory/kv_cache.cu.o
#14 25.63 [22/234] Building CXX object CMakeFiles/imp.dir/src/model/safetensors_loader.cpp.o
#14 25.74 [23/234] Building CUDA object CMakeFiles/imp.dir/src/memory/layer_offload.cu.o
#14 25.92 [24/234] Building CXX object CMakeFiles/imp.dir/src/model/weight_map.cpp.o
#14 26.07 [25/234] Building CUDA object CMakeFiles/imp.dir/src/quant/dequant_fp16.cu.o
#14 26.11 [26/234] Building CUDA object CMakeFiles/imp.dir/src/quant/dequant_int8.cu.o
#14 26.30 [27/234] Building CXX object CMakeFiles/imp.dir/src/model/gguf_loader.cpp.o
#14 26.48 [28/234] Building CUDA object CMakeFiles/imp.dir/src/quant/fp8_utils.cu.o
#14 26.93 [29/234] Building CXX object CMakeFiles/imp.dir/src/model/tokenizer.cpp.o
#14 26.96 [30/234] Building CUDA object CMakeFiles/imp.dir/src/quant/dequant_gpu.cu.o
#14 27.04 [31/234] Building CUDA object CMakeFiles/imp.dir/src/quant/quant_gemm.cu.o
#14 27.39 [32/234] Building CXX object CMakeFiles/imp.dir/src/model/chat_template.cpp.o
#14 27.57 [33/234] Building CUDA object CMakeFiles/imp.dir/src/quant/fp8_quant.cu.o
#14 27.60 [34/234] Building CUDA object CMakeFiles/imp.dir/src/quant/dequant_gptq.cu.o
#14 27.65 [35/234] Building CUDA object CMakeFiles/imp.dir/src/quant/nvfp4_quant.cu.o
#14 27.65 [36/234] Building CUDA object CMakeFiles/imp.dir/src/model/weight_upload.cu.o
#14 28.10 [37/234] Building CUDA object CMakeFiles/imp.dir/src/quant/turboquant.cu.o
#14 28.11 [38/234] Building CUDA object CMakeFiles/imp.dir/src/quant/mxfp4_gemm.cu.o
#14 28.11 ptxas warning : Value of threads per SM for entry _ZN3imp31gemv_mxfp4_multirow_fp32_kernelILi8EEEvPKhS2_PK6__halfPfii is out of range. .minnctapersm will be ignored
#14 28.11 ptxas warning : Value of threads per SM for entry _ZN3imp26gemv_mxfp4_multirow_kernelILi8EEEvPKhS2_PK6__halfPS3_ii is out of range. .minnctapersm will be ignored
#14 28.60 [39/234] Building CUDA object CMakeFiles/imp.dir/src/compute/gemm_moe_fused.cu.o
#14 28.65 [40/234] Building CUDA object CMakeFiles/imp.dir/src/compute/gemv_ggml_compat.cu.o
#14 28.81 [41/234] Building CUDA object CMakeFiles/imp.dir/src/compute/weight_dispatch.cu.o
#14 28.84 [42/234] Building CUDA object CMakeFiles/imp.dir/src/compute/ggml_mmvq.cu.o
#14 29.20 [43/234] Building CUDA object CMakeFiles/imp.dir/src/quant/nvfp4_gemm.cu.o
#14 29.20 ptxas warning : Value of threads per SM for entry _ZN3imp31gemv_nvfp4_moe_swiglu_mr_kernelILi8EEEvPKhS2_PKfPKiPK6__halfS9_PS7_iimmii is out of range. .minnctapersm will be ignored
#14 29.20 ptxas warning : Value of threads per SM for entry _ZN3imp32gemv_nvfp4_moe_gate_up_mr_kernelILi8EEEvPKhS2_PKfS2_S2_S4_PKiPK6__halfPS7_SA_iimmi is out of range. .minnctapersm will be ignored
#14 29.20 ptxas warning : Value of threads per SM for entry _ZN3imp31gemv_nvfp4_moe_decode_mr_kernelILi8EEEvPKhS2_PKfPKiPK6__halfPS7_iimmii is out of range. .minnctapersm will be ignored
#14 29.20 ptxas warning : Value of threads per SM for entry _ZN3imp35gemv_nvfp4_geglu_residual_mr_kernelILi8EEEvPKhS2_fPK6__halfS5_PS3_S5_ii is out of range. .minnctapersm will be ignored
#14 29.20 ptxas warning : Value of threads per SM for entry _ZN3imp36gemv_nvfp4_swiglu_residual_mr_kernelILi8EEEvPKhS2_fPK6__halfS5_PS3_S5_ii is out of range. .minnctapersm will be ignored
#14 29.20 ptxas warning : Value of threads per SM for entry _ZN3imp29gemv_nvfp4_residual_mr_kernelILi8EEEvPKhS2_fPK6__halfPS3_S5_ii is out of range. .minnctapersm will be ignored
#14 29.20 ptxas warning : Value of threads per SM for entry _ZN3imp34gemv_nvfp4_gate_up_fused_mr_kernelILi8EEEvPKhS2_fS2_S2_fPK6__halfPS3_S6_ii is out of range. .minnctapersm will be ignored
#14 29.20 ptxas warning : Value of threads per SM for entry _ZN3imp30gemv_nvfp4_qkv_fused_mr_kernelILi8EEEvPKhS2_fS2_S2_fS2_S2_fPK6__halfPS3_S6_S6_iiii is out of range. .minnctapersm will be ignored
#14 29.20 ptxas warning : Value of threads per SM for entry _ZN3imp31gemv_nvfp4_multirow_fp32_kernelILi8EEEvPKhS2_fPK6__halfPfii is out of range. .minnctapersm will be ignored
#14 29.20 ptxas warning : Value of threads per SM for entry _ZN3imp26gemv_nvfp4_multirow_kernelILi8EEEvPKhS2_fPK6__halfPS3_ii is out of range. .minnctapersm will be ignored
#14 29.35 [44/234] Building CUDA object CMakeFiles/imp.dir/src/compute/gemm_grouped.cu.o
#14 29.37 [45/234] Building CUDA object CMakeFiles/imp.dir/src/compute/gemm_moe_fused_tc.cu.o
#14 29.64 [46/234] Building CUDA object CMakeFiles/imp.dir/src/compute/gemm.cu.o
#14 29.70 [47/234] Building CUDA object CMakeFiles/imp.dir/src/compute/gemm_q6k.cu.o
#14 30.27 [48/234] Building CXX object CMakeFiles/imp.dir/src/model/jinja.cpp.o
#14 30.54 [49/234] Building CUDA object CMakeFiles/imp.dir/src/compute/attention_naive.cu.o
#14 30.57 [50/234] Building CUDA object CMakeFiles/imp.dir/src/compute/attention_paged_int8.cu.o
#14 30.99 [51/234] Building CUDA object CMakeFiles/imp.dir/src/compute/attention_dispatch.cu.o
#14 31.33 [52/234] Building CUDA object CMakeFiles/imp.dir/src/compute/attention_tc.cu.o
#14 31.50 [53/234] Building CUDA object CMakeFiles/imp.dir/src/compute/attention_cublas.cu.o
#14 31.54 [54/234] Building CUDA object CMakeFiles/imp.dir/src/compute/rope.cu.o
#14 31.56 [55/234] Building CUDA object CMakeFiles/imp.dir/src/compute/attention_paged_int4.cu.o
#14 31.68 [56/234] Building CUDA object CMakeFiles/imp.dir/src/compute/layernorm.cu.o
#14 31.85 [57/234] Building CUDA object CMakeFiles/imp.dir/src/compute/activation.cu.o
#14 31.91 [58/234] Building CUDA object CMakeFiles/imp.dir/src/compute/attention_paged_fp8.cu.o
#14 31.94 [59/234] Building CUDA object CMakeFiles/imp.dir/src/compute/embedding.cu.o
#14 32.02 [60/234] Building CXX object CMakeFiles/imp.dir/src/compute/json_schema.cpp.o
#14 32.44 [61/234] Building CUDA object CMakeFiles/imp.dir/src/compute/attention_blackwell.cu.o
#14 32.73 [62/234] Building CUDA object CMakeFiles/imp.dir/src/compute/softmax.cu.o
#14 33.42 [63/234] Building CUDA object CMakeFiles/imp.dir/src/compute/json_constrain.cu.o
#14 33.52 [64/234] Building CUDA object CMakeFiles/imp.dir/src/compute/hadamard.cu.o
#14 33.83 [65/234] Building CUDA object CMakeFiles/imp.dir/src/compute/reduce.cu.o
#14 34.42 [66/234] Building CUDA object CMakeFiles/imp.dir/src/compute/ssm.cu.o
#14 34.50 [67/234] Building CUDA object CMakeFiles/imp.dir/src/compute/gdn.cu.o
#14 34.59 [68/234] Building CUDA object CMakeFiles/imp.dir/src/compute/moe_routing.cu.o
#14 34.64 [69/234] Building CUDA object CMakeFiles/imp.dir/src/compute/attention_paged_turboquant.cu.o
#14 34.92 [70/234] Building CUDA object CMakeFiles/imp.dir/src/compute/attention_mxf4nvf4_probe.cu.o
#14 35.62 [71/234] Building CUDA object CMakeFiles/imp.dir/src/compute/schema_constrain.cu.o
#14 35.88 [72/234] Building CUDA object CMakeFiles/imp.dir/src/compute/nvfp4_quant_ref.cu.o
#14 36.08 [73/234] Building CUDA object CMakeFiles/imp.dir/src/compute/mxf4nvf4_mma_variants_bench.cu.o
#14 36.08 /src/src/compute/mxf4nvf4_mma_variants_bench.cu(70): warning #550-D: variable "a2" was set but never used
#14 36.08       uint32_t a0 = threadIdx.x * 37u + 1u; uint32_t a1 = threadIdx.x * 41u + 2u; uint32_t a2 = threadIdx.x * 43u + 3u; uint32_t a3 = threadIdx.x * 47u + 4u; uint32_t b0 = threadIdx.x * 53u + 5u; uint32_t b1 = threadIdx.x * 59u + 6u; uint32_t b2 = threadIdx.x * 61u + 7u; uint32_t b3 = threadIdx.x * 67u + 8u; uint32_t sfa_e4m3 = 0x38383838u; uint32_t sfb_e4m3 = 0x38383838u; uint32_t sfa_e8m0 = 0x7f7f7f7fu; uint32_t sfb_e8m0 = 0x7f7f7f7fu; uint32_t metadata = 0x44444444u; float d0 = 0.0f, d1 = 0.0f, d2 = 0.0f, d3 = 0.0f; constexpr uint16_t bidA = 0, tidA = 0, bidB = 0, tidB = 0; (void)a0; (void)a1; (void)a2; (void)a3; (void)b0; (void)b1; (void)b2; (void)b3; (void)sfa_e4m3; (void)sfb_e4m3; (void)sfa_e8m0; (void)sfb_e8m0; (void)metadata; (void)bidA; (void)tidA; (void)bidB; (void)tidB;
#14 36.08                                                                                            ^
#14 36.08 
#14 36.08 Remark: The warnings can be suppressed with "-diag-suppress <warning-number>"
#14 36.08 
#14 36.08 /src/src/compute/mxf4nvf4_mma_variants_bench.cu(70): warning #550-D: variable "a3" was set but never used
#14 36.08       uint32_t a0 = threadIdx.x * 37u + 1u; uint32_t a1 = threadIdx.x * 41u + 2u; uint32_t a2 = threadIdx.x * 43u + 3u; uint32_t a3 = threadIdx.x * 47u + 4u; uint32_t b0 = threadIdx.x * 53u + 5u; uint32_t b1 = threadIdx.x * 59u + 6u; uint32_t b2 = threadIdx.x * 61u + 7u; uint32_t b3 = threadIdx.x * 67u + 8u; uint32_t sfa_e4m3 = 0x38383838u; uint32_t sfb_e4m3 = 0x38383838u; uint32_t sfa_e8m0 = 0x7f7f7f7fu; uint32_t sfb_e8m0 = 0x7f7f7f7fu; uint32_t metadata = 0x44444444u; float d0 = 0.0f, d1 = 0.0f, d2 = 0.0f, d3 = 0.0f; constexpr uint16_t bidA = 0, tidA = 0, bidB = 0, tidB = 0; (void)a0; (void)a1; (void)a2; (void)a3; (void)b0; (void)b1; (void)b2; (void)b3; (void)sfa_e4m3; (void)sfb_e4m3; (void)sfa_e8m0; (void)sfb_e8m0; (void)metadata; (void)bidA; (void)tidA; (void)bidB; (void)tidB;
#14 36.08                                                                                                                                  ^
#14 36.08 
#14 36.08 /src/src/compute/mxf4nvf4_mma_variants_bench.cu(70): warning #550-D: variable "b1" was set but never used
#14 36.08       uint32_t a0 = threadIdx.x * 37u + 1u; uint32_t a1 = threadIdx.x * 41u + 2u; uint32_t a2 = threadIdx.x * 43u + 3u; uint32_t a3 = threadIdx.x * 47u + 4u; uint32_t b0 = threadIdx.x * 53u + 5u; uint32_t b1 = threadIdx.x * 59u + 6u; uint32_t b2 = threadIdx.x * 61u + 7u; uint32_t b3 = threadIdx.x * 67u + 8u; uint32_t sfa_e4m3 = 0x38383838u; uint32_t sfb_e4m3 = 0x38383838u; uint32_t sfa_e8m0 = 0x7f7f7f7fu; uint32_t sfb_e8m0 = 0x7f7f7f7fu; uint32_t metadata = 0x44444444u; float d0 = 0.0f, d1 = 0.0f, d2 = 0.0f, d3 = 0.0f; constexpr uint16_t bidA = 0, tidA = 0, bidB = 0, tidB = 0; (void)a0; (void)a1; (void)a2; (void)a3; (void)b0; (void)b1; (void)b2; (void)b3; (void)sfa_e4m3; (void)sfb_e4m3; (void)sfa_e8m0; (void)sfb_e8m0; (void)metadata; (void)bidA; (void)tidA; (void)bidB; (void)tidB;
#14 36.08                                                                                                                                                                                                              ^
#14 36.08 
#14 36.08 /src/src/compute/mxf4nvf4_mma_variants_bench.cu(70): warning #550-D: variable "b2" was set but never used
#14 36.08       uint32_t a0 = threadIdx.x * 37u + 1u; uint32_t a1 = threadIdx.x * 41u + 2u; uint32_t a2 = threadIdx.x * 43u + 3u; uint32_t a3 = threadIdx.x * 47u + 4u; uint32_t b0 = threadIdx.x * 53u + 5u; uint32_t b1 = threadIdx.x * 59u + 6u; uint32_t b2 = threadIdx.x * 61u + 7u; uint32_t b3 = threadIdx.x * 67u + 8u; uint32_t sfa_e4m3 = 0x38383838u; uint32_t sfb_e4m3 = 0x38383838u; uint32_t sfa_e8m0 = 0x7f7f7f7fu; uint32_t sfb_e8m0 = 0x7f7f7f7fu; uint32_t metadata = 0x44444444u; float d0 = 0.0f, d1 = 0.0f, d2 = 0.0f, d3 = 0.0f; constexpr uint16_t bidA = 0, tidA = 0, bidB = 0, tidB = 0; (void)a0; (void)a1; (void)a2; (void)a3; (void)b0; (void)b1; (void)b2; (void)b3; (void)sfa_e4m3; (void)sfb_e4m3; (void)sfa_e8m0; (void)sfb_e8m0; (void)metadata; (void)bidA; (void)tidA; (void)bidB; (void)tidB;
#14 36.08                                                                                                                                                                                                                                                    ^
#14 36.08 
#14 36.08 /src/src/compute/mxf4nvf4_mma_variants_bench.cu(70): warning #550-D: variable "b3" was set but never used
#14 36.08       uint32_t a0 = threadIdx.x * 37u + 1u; uint32_t a1 = threadIdx.x * 41u + 2u; uint32_t a2 = threadIdx.x * 43u + 3u; uint32_t a3 = threadIdx.x * 47u + 4u; uint32_t b0 = threadIdx.x * 53u + 5u; uint32_t b1 = threadIdx.x * 59u + 6u; uint32_t b2 = threadIdx.x * 61u + 7u; uint32_t b3 = threadIdx.x * 67u + 8u; uint32_t sfa_e4m3 = 0x38383838u; uint32_t sfb_e4m3 = 0x38383838u; uint32_t sfa_e8m0 = 0x7f7f7f7fu; uint32_t sfb_e8m0 = 0x7f7f7f7fu; uint32_t metadata = 0x44444444u; float d0 = 0.0f, d1 = 0.0f, d2 = 0.0f, d3 = 0.0f; constexpr uint16_t bidA = 0, tidA = 0, bidB = 0, tidB = 0; (void)a0; (void)a1; (void)a2; (void)a3; (void)b0; (void)b1; (void)b2; (void)b3; (void)sfa_e4m3; (void)sfb_e4m3; (void)sfa_e8m0; (void)sfb_e8m0; (void)metadata; (void)bidA; (void)tidA; (void)bidB; (void)tidB;
#14 36.08                                                                                                                                                                                                                                                                                          ^
#14 36.08 
#14 36.08 /src/src/compute/mxf4nvf4_mma_variants_bench.cu(70): warning #550-D: variable "sfa_e4m3" was set but never used
#14 36.08       uint32_t a0 = threadIdx.x * 37u + 1u; uint32_t a1 = threadIdx.x * 41u + 2u; uint32_t a2 = threadIdx.x * 43u + 3u; uint32_t a3 = threadIdx.x * 47u + 4u; uint32_t b0 = threadIdx.x * 53u + 5u; uint32_t b1 = threadIdx.x * 59u + 6u; uint32_t b2 = threadIdx.x * 61u + 7u; uint32_t b3 = threadIdx.x * 67u + 8u; uint32_t sfa_e4m3 = 0x38383838u; uint32_t sfb_e4m3 = 0x38383838u; uint32_t sfa_e8m0 = 0x7f7f7f7fu; uint32_t sfb_e8m0 = 0x7f7f7f7fu; uint32_t metadata = 0x44444444u; float d0 = 0.0f, d1 = 0.0f, d2 = 0.0f, d3 = 0.0f; constexpr uint16_t bidA = 0, tidA = 0, bidB = 0, tidB = 0; (void)a0; (void)a1; (void)a2; (void)a3; (void)b0; (void)b1; (void)b2; (void)b3; (void)sfa_e4m3; (void)sfb_e4m3; (void)sfa_e8m0; (void)sfb_e8m0; (void)metadata; (void)bidA; (void)tidA; (void)bidB; (void)tidB;
#14 36.08                                                                                                                                                                                                                                                                                                                                ^
#14 36.08 
#14 36.08 /src/src/compute/mxf4nvf4_mma_variants_bench.cu(70): warning #550-D: variable "sfb_e4m3" was set but never used
#14 36.08       uint32_t a0 = threadIdx.x * 37u + 1u; uint32_t a1 = threadIdx.x * 41u + 2u; uint32_t a2 = threadIdx.x * 43u + 3u; uint32_t a3 = threadIdx.x * 47u + 4u; uint32_t b0 = threadIdx.x * 53u + 5u; uint32_t b1 = threadIdx.x * 59u + 6u; uint32_t b2 = threadIdx.x * 61u + 7u; uint32_t b3 = threadIdx.x * 67u + 8u; uint32_t sfa_e4m3 = 0x38383838u; uint32_t sfb_e4m3 = 0x38383838u; uint32_t sfa_e8m0 = 0x7f7f7f7fu; uint32_t sfb_e8m0 = 0x7f7f7f7fu; uint32_t metadata = 0x44444444u; float d0 = 0.0f, d1 = 0.0f, d2 = 0.0f, d3 = 0.0f; constexpr uint16_t bidA = 0, tidA = 0, bidB = 0, tidB = 0; (void)a0; (void)a1; (void)a2; (void)a3; (void)b0; (void)b1; (void)b2; (void)b3; (void)sfa_e4m3; (void)sfb_e4m3; (void)sfa_e8m0; (void)sfb_e8m0; (void)metadata; (void)bidA; (void)tidA; (void)bidB; (void)tidB;
#14 36.08                                                                                                                                                                                                                                                                                                                                                                 ^
#14 36.08 
#14 36.08 /src/src/compute/mxf4nvf4_mma_variants_bench.cu(70): warning #550-D: variable "sfa_e8m0" was set but never used
#14 36.08       uint32_t a0 = threadIdx.x * 37u + 1u; uint32_t a1 = threadIdx.x * 41u + 2u; uint32_t a2 = threadIdx.x * 43u + 3u; uint32_t a3 = threadIdx.x * 47u + 4u; uint32_t b0 = threadIdx.x * 53u + 5u; uint32_t b1 = threadIdx.x * 59u + 6u; uint32_t b2 = threadIdx.x * 61u + 7u; uint32_t b3 = threadIdx.x * 67u + 8u; uint32_t sfa_e4m3 = 0x38383838u; uint32_t sfb_e4m3 = 0x38383838u; uint32_t sfa_e8m0 = 0x7f7f7f7fu; uint32_t sfb_e8m0 = 0x7f7f7f7fu; uint32_t metadata = 0x44444444u; float d0 = 0.0f, d1 = 0.0f, d2 = 0.0f, d3 = 0.0f; constexpr uint16_t bidA = 0, tidA = 0, bidB = 0, tidB = 0; (void)a0; (void)a1; (void)a2; (void)a3; (void)b0; (void)b1; (void)b2; (void)b3; (void)sfa_e4m3; (void)sfb_e4m3; (void)sfa_e8m0; (void)sfb_e8m0; (void)metadata; (void)bidA; (void)tidA; (void)bidB; (void)tidB;
#14 36.08                                                                                                                                                                                                                                                                                                                                                                                                  ^
#14 36.08 
#14 36.08 /src/src/compute/mxf4nvf4_mma_variants_bench.cu(70): warning #550-D: variable "sfb_e8m0" was set but never used
#14 36.08       uint32_t a0 = threadIdx.x * 37u + 1u; uint32_t a1 = threadIdx.x * 41u + 2u; uint32_t a2 = threadIdx.x * 43u + 3u; uint32_t a3 = threadIdx.x * 47u + 4u; uint32_t b0 = threadIdx.x * 53u + 5u; uint32_t b1 = threadIdx.x * 59u + 6u; uint32_t b2 = threadIdx.x * 61u + 7u; uint32_t b3 = threadIdx.x * 67u + 8u; uint32_t sfa_e4m3 = 0x38383838u; uint32_t sfb_e4m3 = 0x38383838u; uint32_t sfa_e8m0 = 0x7f7f7f7fu; uint32_t sfb_e8m0 = 0x7f7f7f7fu; uint32_t metadata = 0x44444444u; float d0 = 0.0f, d1 = 0.0f, d2 = 0.0f, d3 = 0.0f; constexpr uint16_t bidA = 0, tidA = 0, bidB = 0, tidB = 0; (void)a0; (void)a1; (void)a2; (void)a3; (void)b0; (void)b1; (void)b2; (void)b3; (void)sfa_e4m3; (void)sfb_e4m3; (void)sfa_e8m0; (void)sfb_e8m0; (void)metadata; (void)bidA; (void)tidA; (void)bidB; (void)tidB;
#14 36.08                                                                                                                                                                                                                                                                                                                                                                                                                                   ^
#14 36.08 
#14 36.08 /src/src/compute/mxf4nvf4_mma_variants_bench.cu(70): warning #550-D: variable "metadata" was set but never used
#14 36.08       uint32_t a0 = threadIdx.x * 37u + 1u; uint32_t a1 = threadIdx.x * 41u + 2u; uint32_t a2 = threadIdx.x * 43u + 3u; uint32_t a3 = threadIdx.x * 47u + 4u; uint32_t b0 = threadIdx.x * 53u + 5u; uint32_t b1 = threadIdx.x * 59u + 6u; uint32_t b2 = threadIdx.x * 61u + 7u; uint32_t b3 = threadIdx.x * 67u + 8u; uint32_t sfa_e4m3 = 0x38383838u; uint32_t sfb_e4m3 = 0x38383838u; uint32_t sfa_e8m0 = 0x7f7f7f7fu; uint32_t sfb_e8m0 = 0x7f7f7f7fu; uint32_t metadata = 0x44444444u; float d0 = 0.0f, d1 = 0.0f, d2 = 0.0f, d3 = 0.0f; constexpr uint16_t bidA = 0, tidA = 0, bidB = 0, tidB = 0; (void)a0; (void)a1; (void)a2; (void)a3; (void)b0; (void)b1; (void)b2; (void)b3; (void)sfa_e4m3; (void)sfb_e4m3; (void)sfa_e8m0; (void)sfb_e8m0; (void)metadata; (void)bidA; (void)tidA; (void)bidB; (void)tidB;
#14 36.08                                                                                                                                                                                                                                                                                                                                                                                                                                                                    ^
#14 36.08 
#14 36.08 /src/src/compute/mxf4nvf4_mma_variants_bench.cu(90): warning #550-D: variable "b2" was set but never used
#14 36.08       uint32_t a0 = threadIdx.x * 37u + 1u; uint32_t a1 = threadIdx.x * 41u + 2u; uint32_t a2 = threadIdx.x * 43u + 3u; uint32_t a3 = threadIdx.x * 47u + 4u; uint32_t b0 = threadIdx.x * 53u + 5u; uint32_t b1 = threadIdx.x * 59u + 6u; uint32_t b2 = threadIdx.x * 61u + 7u; uint32_t b3 = threadIdx.x * 67u + 8u; uint32_t sfa_e4m3 = 0x38383838u; uint32_t sfb_e4m3 = 0x38383838u; uint32_t sfa_e8m0 = 0x7f7f7f7fu; uint32_t sfb_e8m0 = 0x7f7f7f7fu; uint32_t metadata = 0x44444444u; float d0 = 0.0f, d1 = 0.0f, d2 = 0.0f, d3 = 0.0f; constexpr uint16_t bidA = 0, tidA = 0, bidB = 0, tidB = 0; (void)a0; (void)a1; (void)a2; (void)a3; (void)b0; (void)b1; (void)b2; (void)b3; (void)sfa_e4m3; (void)sfb_e4m3; (void)sfa_e8m0; (void)sfb_e8m0; (void)metadata; (void)bidA; (void)tidA; (void)bidB; (void)tidB;
#14 36.08                                                                                                                                                                                                                                                    ^
#14 36.08 
#14 36.08 /src/src/compute/mxf4nvf4_mma_variants_bench.cu(90): warning #550-D: variable "b3" was set but never used
#14 36.08       uint32_t a0 = threadIdx.x * 37u + 1u; uint32_t a1 = threadIdx.x * 41u + 2u; uint32_t a2 = threadIdx.x * 43u + 3u; uint32_t a3 = threadIdx.x * 47u + 4u; uint32_t b0 = threadIdx.x * 53u + 5u; uint32_t b1 = threadIdx.x * 59u + 6u; uint32_t b2 = threadIdx.x * 61u + 7u; uint32_t b3 = threadIdx.x * 67u + 8u; uint32_t sfa_e4m3 = 0x38383838u; uint32_t sfb_e4m3 = 0x38383838u; uint32_t sfa_e8m0 = 0x7f7f7f7fu; uint32_t sfb_e8m0 = 0x7f7f7f7fu; uint32_t metadata = 0x44444444u; float d0 = 0.0f, d1 = 0.0f, d2 = 0.0f, d3 = 0.0f; constexpr uint16_t bidA = 0, tidA = 0, bidB = 0, tidB = 0; (void)a0; (void)a1; (void)a2; (void)a3; (void)b0; (void)b1; (void)b2; (void)b3; (void)sfa_e4m3; (void)sfb_e4m3; (void)sfa_e8m0; (void)sfb_e8m0; (void)metadata; (void)bidA; (void)tidA; (void)bidB; (void)tidB;
#14 36.08                                                                                                                                                                                                                                                                                          ^
#14 36.08 
#14 36.08 /src/src/compute/mxf4nvf4_mma_variants_bench.cu(90): warning #550-D: variable "sfa_e8m0" was set but never used
#14 36.08       uint32_t a0 = threadIdx.x * 37u + 1u; uint32_t a1 = threadIdx.x * 41u + 2u; uint32_t a2 = threadIdx.x * 43u + 3u; uint32_t a3 = threadIdx.x * 47u + 4u; uint32_t b0 = threadIdx.x * 53u + 5u; uint32_t b1 = threadIdx.x * 59u + 6u; uint32_t b2 = threadIdx.x * 61u + 7u; uint32_t b3 = threadIdx.x * 67u + 8u; uint32_t sfa_e4m3 = 0x38383838u; uint32_t sfb_e4m3 = 0x38383838u; uint32_t sfa_e8m0 = 0x7f7f7f7fu; uint32_t sfb_e8m0 = 0x7f7f7f7fu; uint32_t metadata = 0x44444444u; float d0 = 0.0f, d1 = 0.0f, d2 = 0.0f, d3 = 0.0f; constexpr uint16_t bidA = 0, tidA = 0, bidB = 0, tidB = 0; (void)a0; (void)a1; (void)a2; (void)a3; (void)b0; (void)b1; (void)b2; (void)b3; (void)sfa_e4m3; (void)sfb_e4m3; (void)sfa_e8m0; (void)sfb_e8m0; (void)metadata; (void)bidA; (void)tidA; (void)bidB; (void)tidB;
#14 36.08                                                                                                                                                                                                                                                                                                                                                                                                  ^
#14 36.08 
#14 36.08 /src/src/compute/mxf4nvf4_mma_variants_bench.cu(90): warning #550-D: variable "sfb_e8m0" was set but never used
#14 36.08       uint32_t a0 = threadIdx.x * 37u + 1u; uint32_t a1 = threadIdx.x * 41u + 2u; uint32_t a2 = threadIdx.x * 43u + 3u; uint32_t a3 = threadIdx.x * 47u + 4u; uint32_t b0 = threadIdx.x * 53u + 5u; uint32_t b1 = threadIdx.x * 59u + 6u; uint32_t b2 = threadIdx.x * 61u + 7u; uint32_t b3 = threadIdx.x * 67u + 8u; uint32_t sfa_e4m3 = 0x38383838u; uint32_t sfb_e4m3 = 0x38383838u; uint32_t sfa_e8m0 = 0x7f7f7f7fu; uint32_t sfb_e8m0 = 0x7f7f7f7fu; uint32_t metadata = 0x44444444u; float d0 = 0.0f, d1 = 0.0f, d2 = 0.0f, d3 = 0.0f; constexpr uint16_t bidA = 0, tidA = 0, bidB = 0, tidB = 0; (void)a0; (void)a1; (void)a2; (void)a3; (void)b0; (void)b1; (void)b2; (void)b3; (void)sfa_e4m3; (void)sfb_e4m3; (void)sfa_e8m0; (void)sfb_e8m0; (void)metadata; (void)bidA; (void)tidA; (void)bidB; (void)tidB;
#14 36.08                                                                                                                                                                                                                                                                                                                                                                                                                                   ^
#14 36.08 
#14 36.08 /src/src/compute/mxf4nvf4_mma_variants_bench.cu(90): warning #550-D: variable "metadata" was set but never used
#14 36.08       uint32_t a0 = threadIdx.x * 37u + 1u; uint32_t a1 = threadIdx.x * 41u + 2u; uint32_t a2 = threadIdx.x * 43u + 3u; uint32_t a3 = threadIdx.x * 47u + 4u; uint32_t b0 = threadIdx.x * 53u + 5u; uint32_t b1 = threadIdx.x * 59u + 6u; uint32_t b2 = threadIdx.x * 61u + 7u; uint32_t b3 = threadIdx.x * 67u + 8u; uint32_t sfa_e4m3 = 0x38383838u; uint32_t sfb_e4m3 = 0x38383838u; uint32_t sfa_e8m0 = 0x7f7f7f7fu; uint32_t sfb_e8m0 = 0x7f7f7f7fu; uint32_t metadata = 0x44444444u; float d0 = 0.0f, d1 = 0.0f, d2 = 0.0f, d3 = 0.0f; constexpr uint16_t bidA = 0, tidA = 0, bidB = 0, tidB = 0; (void)a0; (void)a1; (void)a2; (void)a3; (void)b0; (void)b1; (void)b2; (void)b3; (void)sfa_e4m3; (void)sfb_e4m3; (void)sfa_e8m0; (void)sfb_e8m0; (void)metadata; (void)bidA; (void)tidA; (void)bidB; (void)tidB;
#14 36.08                                                                                                                                                                                                                                                                                                                                                                                                                                                                    ^
#14 36.08 
#14 36.08 /src/src/compute/mxf4nvf4_mma_variants_bench.cu(112): warning #550-D: variable "b2" was set but never used
#14 36.08       uint32_t a0 = threadIdx.x * 37u + 1u; uint32_t a1 = threadIdx.x * 41u + 2u; uint32_t a2 = threadIdx.x * 43u + 3u; uint32_t a3 = threadIdx.x * 47u + 4u; uint32_t b0 = threadIdx.x * 53u + 5u; uint32_t b1 = threadIdx.x * 59u + 6u; uint32_t b2 = threadIdx.x * 61u + 7u; uint32_t b3 = threadIdx.x * 67u + 8u; uint32_t sfa_e4m3 = 0x38383838u; uint32_t sfb_e4m3 = 0x38383838u; uint32_t sfa_e8m0 = 0x7f7f7f7fu; uint32_t sfb_e8m0 = 0x7f7f7f7fu; uint32_t metadata = 0x44444444u; float d0 = 0.0f, d1 = 0.0f, d2 = 0.0f, d3 = 0.0f; constexpr uint16_t bidA = 0, tidA = 0, bidB = 0, tidB = 0; (void)a0; (void)a1; (void)a2; (void)a3; (void)b0; (void)b1; (void)b2; (void)b3; (void)sfa_e4m3; (void)sfb_e4m3; (void)sfa_e8m0; (void)sfb_e8m0; (void)metadata; (void)bidA; (void)tidA; (void)bidB; (void)tidB;
#14 36.08                                                                                                                                                                                                                                                    ^
#14 36.08 
#14 36.08 /src/src/compute/mxf4nvf4_mma_variants_bench.cu(112): warning #550-D: variable "b3" was set but never used
#14 36.08       uint32_t a0 = threadIdx.x * 37u + 1u; uint32_t a1 = threadIdx.x * 41u + 2u; uint32_t a2 = threadIdx.x * 43u + 3u; uint32_t a3 = threadIdx.x * 47u + 4u; uint32_t b0 = threadIdx.x * 53u + 5u; uint32_t b1 = threadIdx.x * 59u + 6u; uint32_t b2 = threadIdx.x * 61u + 7u; uint32_t b3 = threadIdx.x * 67u + 8u; uint32_t sfa_e4m3 = 0x38383838u; uint32_t sfb_e4m3 = 0x38383838u; uint32_t sfa_e8m0 = 0x7f7f7f7fu; uint32_t sfb_e8m0 = 0x7f7f7f7fu; uint32_t metadata = 0x44444444u; float d0 = 0.0f, d1 = 0.0f, d2 = 0.0f, d3 = 0.0f; constexpr uint16_t bidA = 0, tidA = 0, bidB = 0, tidB = 0; (void)a0; (void)a1; (void)a2; (void)a3; (void)b0; (void)b1; (void)b2; (void)b3; (void)sfa_e4m3; (void)sfb_e4m3; (void)sfa_e8m0; (void)sfb_e8m0; (void)metadata; (void)bidA; (void)tidA; (void)bidB; (void)tidB;
#14 36.08                                                                                                                                                                                                                                                                                          ^
#14 36.08 
#14 36.08 /src/src/compute/mxf4nvf4_mma_variants_bench.cu(112): warning #550-D: variable "sfa_e4m3" was set but never used
#14 36.08       uint32_t a0 = threadIdx.x * 37u + 1u; uint32_t a1 = threadIdx.x * 41u + 2u; uint32_t a2 = threadIdx.x * 43u + 3u; uint32_t a3 = threadIdx.x * 47u + 4u; uint32_t b0 = threadIdx.x * 53u + 5u; uint32_t b1 = threadIdx.x * 59u + 6u; uint32_t b2 = threadIdx.x * 61u + 7u; uint32_t b3 = threadIdx.x * 67u + 8u; uint32_t sfa_e4m3 = 0x38383838u; uint32_t sfb_e4m3 = 0x38383838u; uint32_t sfa_e8m0 = 0x7f7f7f7fu; uint32_t sfb_e8m0 = 0x7f7f7f7fu; uint32_t metadata = 0x44444444u; float d0 = 0.0f, d1 = 0.0f, d2 = 0.0f, d3 = 0.0f; constexpr uint16_t bidA = 0, tidA = 0, bidB = 0, tidB = 0; (void)a0; (void)a1; (void)a2; (void)a3; (void)b0; (void)b1; (void)b2; (void)b3; (void)sfa_e4m3; (void)sfb_e4m3; (void)sfa_e8m0; (void)sfb_e8m0; (void)metadata; (void)bidA; (void)tidA; (void)bidB; (void)tidB;
#14 36.08                                                                                                                                                                                                                                                                                                                                ^
#14 36.08 
#14 36.08 /src/src/compute/mxf4nvf4_mma_variants_bench.cu(112): warning #550-D: variable "sfb_e4m3" was set but never used
#14 36.08       uint32_t a0 = threadIdx.x * 37u + 1u; uint32_t a1 = threadIdx.x * 41u + 2u; uint32_t a2 = threadIdx.x * 43u + 3u; uint32_t a3 = threadIdx.x * 47u + 4u; uint32_t b0 = threadIdx.x * 53u + 5u; uint32_t b1 = threadIdx.x * 59u + 6u; uint32_t b2 = threadIdx.x * 61u + 7u; uint32_t b3 = threadIdx.x * 67u + 8u; uint32_t sfa_e4m3 = 0x38383838u; uint32_t sfb_e4m3 = 0x38383838u; uint32_t sfa_e8m0 = 0x7f7f7f7fu; uint32_t sfb_e8m0 = 0x7f7f7f7fu; uint32_t metadata = 0x44444444u; float d0 = 0.0f, d1 = 0.0f, d2 = 0.0f, d3 = 0.0f; constexpr uint16_t bidA = 0, tidA = 0, bidB = 0, tidB = 0; (void)a0; (void)a1; (void)a2; (void)a3; (void)b0; (void)b1; (void)b2; (void)b3; (void)sfa_e4m3; (void)sfb_e4m3; (void)sfa_e8m0; (void)sfb_e8m0; (void)metadata; (void)bidA; (void)tidA; (void)bidB; (void)tidB;
#14 36.08                                                                                                                                                                                                                                                                                                                                                                 ^
#14 36.08 
#14 36.08 /src/src/compute/mxf4nvf4_mma_variants_bench.cu(112): warning #550-D: variable "metadata" was set but never used
#14 36.08       uint32_t a0 = threadIdx.x * 37u + 1u; uint32_t a1 = threadIdx.x * 41u + 2u; uint32_t a2 = threadIdx.x * 43u + 3u; uint32_t a3 = threadIdx.x * 47u + 4u; uint32_t b0 = threadIdx.x * 53u + 5u; uint32_t b1 = threadIdx.x * 59u + 6u; uint32_t b2 = threadIdx.x * 61u + 7u; uint32_t b3 = threadIdx.x * 67u + 8u; uint32_t sfa_e4m3 = 0x38383838u; uint32_t sfb_e4m3 = 0x38383838u; uint32_t sfa_e8m0 = 0x7f7f7f7fu; uint32_t sfb_e8m0 = 0x7f7f7f7fu; uint32_t metadata = 0x44444444u; float d0 = 0.0f, d1 = 0.0f, d2 = 0.0f, d3 = 0.0f; constexpr uint16_t bidA = 0, tidA = 0, bidB = 0, tidB = 0; (void)a0; (void)a1; (void)a2; (void)a3; (void)b0; (void)b1; (void)b2; (void)b3; (void)sfa_e4m3; (void)sfb_e4m3; (void)sfa_e8m0; (void)sfb_e8m0; (void)metadata; (void)bidA; (void)tidA; (void)bidB; (void)tidB;
#14 36.08                                                                                                                                                                                                                                                                                                                                                                                                                                                                    ^
#14 36.08 
#14 36.08 /src/src/compute/mxf4nvf4_mma_variants_bench.cu(134): warning #550-D: variable "b2" was set but never used
#14 36.08       uint32_t a0 = threadIdx.x * 37u + 1u; uint32_t a1 = threadIdx.x * 41u + 2u; uint32_t a2 = threadIdx.x * 43u + 3u; uint32_t a3 = threadIdx.x * 47u + 4u; uint32_t b0 = threadIdx.x * 53u + 5u; uint32_t b1 = threadIdx.x * 59u + 6u; uint32_t b2 = threadIdx.x * 61u + 7u; uint32_t b3 = threadIdx.x * 67u + 8u; uint32_t sfa_e4m3 = 0x38383838u; uint32_t sfb_e4m3 = 0x38383838u; uint32_t sfa_e8m0 = 0x7f7f7f7fu; uint32_t sfb_e8m0 = 0x7f7f7f7fu; uint32_t metadata = 0x44444444u; float d0 = 0.0f, d1 = 0.0f, d2 = 0.0f, d3 = 0.0f; constexpr uint16_t bidA = 0, tidA = 0, bidB = 0, tidB = 0; (void)a0; (void)a1; (void)a2; (void)a3; (void)b0; (void)b1; (void)b2; (void)b3; (void)sfa_e4m3; (void)sfb_e4m3; (void)sfa_e8m0; (void)sfb_e8m0; (void)metadata; (void)bidA; (void)tidA; (void)bidB; (void)tidB;
#14 36.08                                                                                                                                                                                                                                                    ^
#14 36.08 
#14 36.08 /src/src/compute/mxf4nvf4_mma_variants_bench.cu(134): warning #550-D: variable "b3" was set but never used
#14 36.08       uint32_t a0 = threadIdx.x * 37u + 1u; uint32_t a1 = threadIdx.x * 41u + 2u; uint32_t a2 = threadIdx.x * 43u + 3u; uint32_t a3 = threadIdx.x * 47u + 4u; uint32_t b0 = threadIdx.x * 53u + 5u; uint32_t b1 = threadIdx.x * 59u + 6u; uint32_t b2 = threadIdx.x * 61u + 7u; uint32_t b3 = threadIdx.x * 67u + 8u; uint32_t sfa_e4m3 = 0x38383838u; uint32_t sfb_e4m3 = 0x38383838u; uint32_t sfa_e8m0 = 0x7f7f7f7fu; uint32_t sfb_e8m0 = 0x7f7f7f7fu; uint32_t metadata = 0x44444444u; float d0 = 0.0f, d1 = 0.0f, d2 = 0.0f, d3 = 0.0f; constexpr uint16_t bidA = 0, tidA = 0, bidB = 0, tidB = 0; (void)a0; (void)a1; (void)a2; (void)a3; (void)b0; (void)b1; (void)b2; (void)b3; (void)sfa_e4m3; (void)sfb_e4m3; (void)sfa_e8m0; (void)sfb_e8m0; (void)metadata; (void)bidA; (void)tidA; (void)bidB; (void)tidB;
#14 36.08                                                                                                                                                                                                                                                                                          ^
#14 36.08 
#14 36.08 /src/src/compute/mxf4nvf4_mma_variants_bench.cu(134): warning #550-D: variable "sfa_e4m3" was set but never used
#14 36.08       uint32_t a0 = threadIdx.x * 37u + 1u; uint32_t a1 = threadIdx.x * 41u + 2u; uint32_t a2 = threadIdx.x * 43u + 3u; uint32_t a3 = threadIdx.x * 47u + 4u; uint32_t b0 = threadIdx.x * 53u + 5u; uint32_t b1 = threadIdx.x * 59u + 6u; uint32_t b2 = threadIdx.x * 61u + 7u; uint32_t b3 = threadIdx.x * 67u + 8u; uint32_t sfa_e4m3 = 0x38383838u; uint32_t sfb_e4m3 = 0x38383838u; uint32_t sfa_e8m0 = 0x7f7f7f7fu; uint32_t sfb_e8m0 = 0x7f7f7f7fu; uint32_t metadata = 0x44444444u; float d0 = 0.0f, d1 = 0.0f, d2 = 0.0f, d3 = 0.0f; constexpr uint16_t bidA = 0, tidA = 0, bidB = 0, tidB = 0; (void)a0; (void)a1; (void)a2; (void)a3; (void)b0; (void)b1; (void)b2; (void)b3; (void)sfa_e4m3; (void)sfb_e4m3; (void)sfa_e8m0; (void)sfb_e8m0; (void)metadata; (void)bidA; (void)tidA; (void)bidB; (void)tidB;
#14 36.08                                                                                                                                                                                                                                                                                                                                ^
#14 36.08 
#14 36.08 /src/src/compute/mxf4nvf4_mma_variants_bench.cu(134): warning #550-D: variable "sfb_e4m3" was set but never used
#14 36.08       uint32_t a0 = threadIdx.x * 37u + 1u; uint32_t a1 = threadIdx.x * 41u + 2u; uint32_t a2 = threadIdx.x * 43u + 3u; uint32_t a3 = threadIdx.x * 47u + 4u; uint32_t b0 = threadIdx.x * 53u + 5u; uint32_t b1 = threadIdx.x * 59u + 6u; uint32_t b2 = threadIdx.x * 61u + 7u; uint32_t b3 = threadIdx.x * 67u + 8u; uint32_t sfa_e4m3 = 0x38383838u; uint32_t sfb_e4m3 = 0x38383838u; uint32_t sfa_e8m0 = 0x7f7f7f7fu; uint32_t sfb_e8m0 = 0x7f7f7f7fu; uint32_t metadata = 0x44444444u; float d0 = 0.0f, d1 = 0.0f, d2 = 0.0f, d3 = 0.0f; constexpr uint16_t bidA = 0, tidA = 0, bidB = 0, tidB = 0; (void)a0; (void)a1; (void)a2; (void)a3; (void)b0; (void)b1; (void)b2; (void)b3; (void)sfa_e4m3; (void)sfb_e4m3; (void)sfa_e8m0; (void)sfb_e8m0; (void)metadata; (void)bidA; (void)tidA; (void)bidB; (void)tidB;
#14 36.08                                                                                                                                                                                                                                                                                                                                                                 ^
#14 36.08 
#14 36.08 /src/src/compute/mxf4nvf4_mma_variants_bench.cu(134): warning #550-D: variable "metadata" was set but never used
#14 36.08       uint32_t a0 = threadIdx.x * 37u + 1u; uint32_t a1 = threadIdx.x * 41u + 2u; uint32_t a2 = threadIdx.x * 43u + 3u; uint32_t a3 = threadIdx.x * 47u + 4u; uint32_t b0 = threadIdx.x * 53u + 5u; uint32_t b1 = threadIdx.x * 59u + 6u; uint32_t b2 = threadIdx.x * 61u + 7u; uint32_t b3 = threadIdx.x * 67u + 8u; uint32_t sfa_e4m3 = 0x38383838u; uint32_t sfb_e4m3 = 0x38383838u; uint32_t sfa_e8m0 = 0x7f7f7f7fu; uint32_t sfb_e8m0 = 0x7f7f7f7fu; uint32_t metadata = 0x44444444u; float d0 = 0.0f, d1 = 0.0f, d2 = 0.0f, d3 = 0.0f; constexpr uint16_t bidA = 0, tidA = 0, bidB = 0, tidB = 0; (void)a0; (void)a1; (void)a2; (void)a3; (void)b0; (void)b1; (void)b2; (void)b3; (void)sfa_e4m3; (void)sfb_e4m3; (void)sfa_e8m0; (void)sfb_e8m0; (void)metadata; (void)bidA; (void)tidA; (void)bidB; (void)tidB;
#14 36.08                                                                                                                                                                                                                                                                                                                                                                                                                                                                    ^
#14 36.08 
#14 36.08 /src/src/compute/mxf4nvf4_mma_variants_bench.cu(157): warning #550-D: variable "b2" was set but never used
#14 36.08       uint32_t a0 = threadIdx.x * 37u + 1u; uint32_t a1 = threadIdx.x * 41u + 2u; uint32_t a2 = threadIdx.x * 43u + 3u; uint32_t a3 = threadIdx.x * 47u + 4u; uint32_t b0 = threadIdx.x * 53u + 5u; uint32_t b1 = threadIdx.x * 59u + 6u; uint32_t b2 = threadIdx.x * 61u + 7u; uint32_t b3 = threadIdx.x * 67u + 8u; uint32_t sfa_e4m3 = 0x38383838u; uint32_t sfb_e4m3 = 0x38383838u; uint32_t sfa_e8m0 = 0x7f7f7f7fu; uint32_t sfb_e8m0 = 0x7f7f7f7fu; uint32_t metadata = 0x44444444u; float d0 = 0.0f, d1 = 0.0f, d2 = 0.0f, d3 = 0.0f; constexpr uint16_t bidA = 0, tidA = 0, bidB = 0, tidB = 0; (void)a0; (void)a1; (void)a2; (void)a3; (void)b0; (void)b1; (void)b2; (void)b3; (void)sfa_e4m3; (void)sfb_e4m3; (void)sfa_e8m0; (void)sfb_e8m0; (void)metadata; (void)bidA; (void)tidA; (void)bidB; (void)tidB;
#14 36.08                                                                                                                                                                                                                                                    ^
#14 36.08 
#14 36.08 /src/src/compute/mxf4nvf4_mma_variants_bench.cu(157): warning #550-D: variable "b3" was set but never used
#14 36.08       uint32_t a0 = threadIdx.x * 37u + 1u; uint32_t a1 = threadIdx.x * 41u + 2u; uint32_t a2 = threadIdx.x * 43u + 3u; uint32_t a3 = threadIdx.x * 47u + 4u; uint32_t b0 = threadIdx.x * 53u + 5u; uint32_t b1 = threadIdx.x * 59u + 6u; uint32_t b2 = threadIdx.x * 61u + 7u; uint32_t b3 = threadIdx.x * 67u + 8u; uint32_t sfa_e4m3 = 0x38383838u; uint32_t sfb_e4m3 = 0x38383838u; uint32_t sfa_e8m0 = 0x7f7f7f7fu; uint32_t sfb_e8m0 = 0x7f7f7f7fu; uint32_t metadata = 0x44444444u; float d0 = 0.0f, d1 = 0.0f, d2 = 0.0f, d3 = 0.0f; constexpr uint16_t bidA = 0, tidA = 0, bidB = 0, tidB = 0; (void)a0; (void)a1; (void)a2; (void)a3; (void)b0; (void)b1; (void)b2; (void)b3; (void)sfa_e4m3; (void)sfb_e4m3; (void)sfa_e8m0; (void)sfb_e8m0; (void)metadata; (void)bidA; (void)tidA; (void)bidB; (void)tidB;
#14 36.08                                                                                                                                                                                                                                                                                          ^
#14 36.08 
#14 36.08 /src/src/compute/mxf4nvf4_mma_variants_bench.cu(157): warning #550-D: variable "sfa_e4m3" was set but never used
#14 36.08       uint32_t a0 = threadIdx.x * 37u + 1u; uint32_t a1 = threadIdx.x * 41u + 2u; uint32_t a2 = threadIdx.x * 43u + 3u; uint32_t a3 = threadIdx.x * 47u + 4u; uint32_t b0 = threadIdx.x * 53u + 5u; uint32_t b1 = threadIdx.x * 59u + 6u; uint32_t b2 = threadIdx.x * 61u + 7u; uint32_t b3 = threadIdx.x * 67u + 8u; uint32_t sfa_e4m3 = 0x38383838u; uint32_t sfb_e4m3 = 0x38383838u; uint32_t sfa_e8m0 = 0x7f7f7f7fu; uint32_t sfb_e8m0 = 0x7f7f7f7fu; uint32_t metadata = 0x44444444u; float d0 = 0.0f, d1 = 0.0f, d2 = 0.0f, d3 = 0.0f; constexpr uint16_t bidA = 0, tidA = 0, bidB = 0, tidB = 0; (void)a0; (void)a1; (void)a2; (void)a3; (void)b0; (void)b1; (void)b2; (void)b3; (void)sfa_e4m3; (void)sfb_e4m3; (void)sfa_e8m0; (void)sfb_e8m0; (void)metadata; (void)bidA; (void)tidA; (void)bidB; (void)tidB;
#14 36.08                                                                                                                                                                                                                                                                                                                                ^
#14 36.08 
#14 36.08 /src/src/compute/mxf4nvf4_mma_variants_bench.cu(157): warning #550-D: variable "sfb_e4m3" was set but never used
#14 36.08       uint32_t a0 = threadIdx.x * 37u + 1u; uint32_t a1 = threadIdx.x * 41u + 2u; uint32_t a2 = threadIdx.x * 43u + 3u; uint32_t a3 = threadIdx.x * 47u + 4u; uint32_t b0 = threadIdx.x * 53u + 5u; uint32_t b1 = threadIdx.x * 59u + 6u; uint32_t b2 = threadIdx.x * 61u + 7u; uint32_t b3 = threadIdx.x * 67u + 8u; uint32_t sfa_e4m3 = 0x38383838u; uint32_t sfb_e4m3 = 0x38383838u; uint32_t sfa_e8m0 = 0x7f7f7f7fu; uint32_t sfb_e8m0 = 0x7f7f7f7fu; uint32_t metadata = 0x44444444u; float d0 = 0.0f, d1 = 0.0f, d2 = 0.0f, d3 = 0.0f; constexpr uint16_t bidA = 0, tidA = 0, bidB = 0, tidB = 0; (void)a0; (void)a1; (void)a2; (void)a3; (void)b0; (void)b1; (void)b2; (void)b3; (void)sfa_e4m3; (void)sfb_e4m3; (void)sfa_e8m0; (void)sfb_e8m0; (void)metadata; (void)bidA; (void)tidA; (void)bidB; (void)tidB;
#14 36.08                                                                                                                                                                                                                                                                                                                                                                 ^
#14 36.08 
#14 36.08 /src/src/compute/mxf4nvf4_mma_variants_bench.cu(157): warning #550-D: variable "metadata" was set but never used
#14 36.08       uint32_t a0 = threadIdx.x * 37u + 1u; uint32_t a1 = threadIdx.x * 41u + 2u; uint32_t a2 = threadIdx.x * 43u + 3u; uint32_t a3 = threadIdx.x * 47u + 4u; uint32_t b0 = threadIdx.x * 53u + 5u; uint32_t b1 = threadIdx.x * 59u + 6u; uint32_t b2 = threadIdx.x * 61u + 7u; uint32_t b3 = threadIdx.x * 67u + 8u; uint32_t sfa_e4m3 = 0x38383838u; uint32_t sfb_e4m3 = 0x38383838u; uint32_t sfa_e8m0 = 0x7f7f7f7fu; uint32_t sfb_e8m0 = 0x7f7f7f7fu; uint32_t metadata = 0x44444444u; float d0 = 0.0f, d1 = 0.0f, d2 = 0.0f, d3 = 0.0f; constexpr uint16_t bidA = 0, tidA = 0, bidB = 0, tidB = 0; (void)a0; (void)a1; (void)a2; (void)a3; (void)b0; (void)b1; (void)b2; (void)b3; (void)sfa_e4m3; (void)sfb_e4m3; (void)sfa_e8m0; (void)sfb_e8m0; (void)metadata; (void)bidA; (void)tidA; (void)bidB; (void)tidB;
#14 36.08                                                                                                                                                                                                                                                                                                                                                                                                                                                                    ^
#14 36.08 
#14 36.08 /src/src/compute/mxf4nvf4_mma_variants_bench.cu(179): warning #550-D: variable "b2" was set but never used
#14 36.08       uint32_t a0 = threadIdx.x * 37u + 1u; uint32_t a1 = threadIdx.x * 41u + 2u; uint32_t a2 = threadIdx.x * 43u + 3u; uint32_t a3 = threadIdx.x * 47u + 4u; uint32_t b0 = threadIdx.x * 53u + 5u; uint32_t b1 = threadIdx.x * 59u + 6u; uint32_t b2 = threadIdx.x * 61u + 7u; uint32_t b3 = threadIdx.x * 67u + 8u; uint32_t sfa_e4m3 = 0x38383838u; uint32_t sfb_e4m3 = 0x38383838u; uint32_t sfa_e8m0 = 0x7f7f7f7fu; uint32_t sfb_e8m0 = 0x7f7f7f7fu; uint32_t metadata = 0x44444444u; float d0 = 0.0f, d1 = 0.0f, d2 = 0.0f, d3 = 0.0f; constexpr uint16_t bidA = 0, tidA = 0, bidB = 0, tidB = 0; (void)a0; (void)a1; (void)a2; (void)a3; (void)b0; (void)b1; (void)b2; (void)b3; (void)sfa_e4m3; (void)sfb_e4m3; (void)sfa_e8m0; (void)sfb_e8m0; (void)metadata; (void)bidA; (void)tidA; (void)bidB; (void)tidB;
#14 36.08                                                                                                                                                                                                                                                    ^
#14 36.08 
#14 36.08 /src/src/compute/mxf4nvf4_mma_variants_bench.cu(179): warning #550-D: variable "b3" was set but never used
#14 36.08       uint32_t a0 = threadIdx.x * 37u + 1u; uint32_t a1 = threadIdx.x * 41u + 2u; uint32_t a2 = threadIdx.x * 43u + 3u; uint32_t a3 = threadIdx.x * 47u + 4u; uint32_t b0 = threadIdx.x * 53u + 5u; uint32_t b1 = threadIdx.x * 59u + 6u; uint32_t b2 = threadIdx.x * 61u + 7u; uint32_t b3 = threadIdx.x * 67u + 8u; uint32_t sfa_e4m3 = 0x38383838u; uint32_t sfb_e4m3 = 0x38383838u; uint32_t sfa_e8m0 = 0x7f7f7f7fu; uint32_t sfb_e8m0 = 0x7f7f7f7fu; uint32_t metadata = 0x44444444u; float d0 = 0.0f, d1 = 0.0f, d2 = 0.0f, d3 = 0.0f; constexpr uint16_t bidA = 0, tidA = 0, bidB = 0, tidB = 0; (void)a0; (void)a1; (void)a2; (void)a3; (void)b0; (void)b1; (void)b2; (void)b3; (void)sfa_e4m3; (void)sfb_e4m3; (void)sfa_e8m0; (void)sfb_e8m0; (void)metadata; (void)bidA; (void)tidA; (void)bidB; (void)tidB;
#14 36.08                                                                                                                                                                                                                                                                                          ^
#14 36.08 
#14 36.08 /src/src/compute/mxf4nvf4_mma_variants_bench.cu(179): warning #550-D: variable "sfa_e4m3" was set but never used
#14 36.08       uint32_t a0 = threadIdx.x * 37u + 1u; uint32_t a1 = threadIdx.x * 41u + 2u; uint32_t a2 = threadIdx.x * 43u + 3u; uint32_t a3 = threadIdx.x * 47u + 4u; uint32_t b0 = threadIdx.x * 53u + 5u; uint32_t b1 = threadIdx.x * 59u + 6u; uint32_t b2 = threadIdx.x * 61u + 7u; uint32_t b3 = threadIdx.x * 67u + 8u; uint32_t sfa_e4m3 = 0x38383838u; uint32_t sfb_e4m3 = 0x38383838u; uint32_t sfa_e8m0 = 0x7f7f7f7fu; uint32_t sfb_e8m0 = 0x7f7f7f7fu; uint32_t metadata = 0x44444444u; float d0 = 0.0f, d1 = 0.0f, d2 = 0.0f, d3 = 0.0f; constexpr uint16_t bidA = 0, tidA = 0, bidB = 0, tidB = 0; (void)a0; (void)a1; (void)a2; (void)a3; (void)b0; (void)b1; (void)b2; (void)b3; (void)sfa_e4m3; (void)sfb_e4m3; (void)sfa_e8m0; (void)sfb_e8m0; (void)metadata; (void)bidA; (void)tidA; (void)bidB; (void)tidB;
#14 36.08                                                                                                                                                                                                                                                                                                                                ^
#14 36.08 
#14 36.08 /src/src/compute/mxf4nvf4_mma_variants_bench.cu(179): warning #550-D: variable "sfb_e4m3" was set but never used
#14 36.08       uint32_t a0 = threadIdx.x * 37u + 1u; uint32_t a1 = threadIdx.x * 41u + 2u; uint32_t a2 = threadIdx.x * 43u + 3u; uint32_t a3 = threadIdx.x * 47u + 4u; uint32_t b0 = threadIdx.x * 53u + 5u; uint32_t b1 = threadIdx.x * 59u + 6u; uint32_t b2 = threadIdx.x * 61u + 7u; uint32_t b3 = threadIdx.x * 67u + 8u; uint32_t sfa_e4m3 = 0x38383838u; uint32_t sfb_e4m3 = 0x38383838u; uint32_t sfa_e8m0 = 0x7f7f7f7fu; uint32_t sfb_e8m0 = 0x7f7f7f7fu; uint32_t metadata = 0x44444444u; float d0 = 0.0f, d1 = 0.0f, d2 = 0.0f, d3 = 0.0f; constexpr uint16_t bidA = 0, tidA = 0, bidB = 0, tidB = 0; (void)a0; (void)a1; (void)a2; (void)a3; (void)b0; (void)b1; (void)b2; (void)b3; (void)sfa_e4m3; (void)sfb_e4m3; (void)sfa_e8m0; (void)sfb_e8m0; (void)metadata; (void)bidA; (void)tidA; (void)bidB; (void)tidB;
#14 36.08                                                                                                                                                                                                                                                                                                                                                                 ^
#14 36.08 
#14 36.08 /src/src/compute/mxf4nvf4_mma_variants_bench.cu(179): warning #550-D: variable "metadata" was set but never used
#14 36.08       uint32_t a0 = threadIdx.x * 37u + 1u; uint32_t a1 = threadIdx.x * 41u + 2u; uint32_t a2 = threadIdx.x * 43u + 3u; uint32_t a3 = threadIdx.x * 47u + 4u; uint32_t b0 = threadIdx.x * 53u + 5u; uint32_t b1 = threadIdx.x * 59u + 6u; uint32_t b2 = threadIdx.x * 61u + 7u; uint32_t b3 = threadIdx.x * 67u + 8u; uint32_t sfa_e4m3 = 0x38383838u; uint32_t sfb_e4m3 = 0x38383838u; uint32_t sfa_e8m0 = 0x7f7f7f7fu; uint32_t sfb_e8m0 = 0x7f7f7f7fu; uint32_t metadata = 0x44444444u; float d0 = 0.0f, d1 = 0.0f, d2 = 0.0f, d3 = 0.0f; constexpr uint16_t bidA = 0, tidA = 0, bidB = 0, tidB = 0; (void)a0; (void)a1; (void)a2; (void)a3; (void)b0; (void)b1; (void)b2; (void)b3; (void)sfa_e4m3; (void)sfb_e4m3; (void)sfa_e8m0; (void)sfb_e8m0; (void)metadata; (void)bidA; (void)tidA; (void)bidB; (void)tidB;
#14 36.08                                                                                                                                                                                                                                                                                                                                                                                                                                                                    ^
#14 36.08 
#14 36.08 /src/src/compute/mxf4nvf4_mma_variants_bench.cu(201): warning #550-D: variable "b2" was set but never used
#14 36.08       uint32_t a0 = threadIdx.x * 37u + 1u; uint32_t a1 = threadIdx.x * 41u + 2u; uint32_t a2 = threadIdx.x * 43u + 3u; uint32_t a3 = threadIdx.x * 47u + 4u; uint32_t b0 = threadIdx.x * 53u + 5u; uint32_t b1 = threadIdx.x * 59u + 6u; uint32_t b2 = threadIdx.x * 61u + 7u; uint32_t b3 = threadIdx.x * 67u + 8u; uint32_t sfa_e4m3 = 0x38383838u; uint32_t sfb_e4m3 = 0x38383838u; uint32_t sfa_e8m0 = 0x7f7f7f7fu; uint32_t sfb_e8m0 = 0x7f7f7f7fu; uint32_t metadata = 0x44444444u; float d0 = 0.0f, d1 = 0.0f, d2 = 0.0f, d3 = 0.0f; constexpr uint16_t bidA = 0, tidA = 0, bidB = 0, tidB = 0; (void)a0; (void)a1; (void)a2; (void)a3; (void)b0; (void)b1; (void)b2; (void)b3; (void)sfa_e4m3; (void)sfb_e4m3; (void)sfa_e8m0; (void)sfb_e8m0; (void)metadata; (void)bidA; (void)tidA; (void)bidB; (void)tidB;
#14 36.08                                                                                                                                                                                                                                                    ^
#14 36.08 
#14 36.08 /src/src/compute/mxf4nvf4_mma_variants_bench.cu(201): warning #550-D: variable "b3" was set but never used
#14 36.08       uint32_t a0 = threadIdx.x * 37u + 1u; uint32_t a1 = threadIdx.x * 41u + 2u; uint32_t a2 = threadIdx.x * 43u + 3u; uint32_t a3 = threadIdx.x * 47u + 4u; uint32_t b0 = threadIdx.x * 53u + 5u; uint32_t b1 = threadIdx.x * 59u + 6u; uint32_t b2 = threadIdx.x * 61u + 7u; uint32_t b3 = threadIdx.x * 67u + 8u; uint32_t sfa_e4m3 = 0x38383838u; uint32_t sfb_e4m3 = 0x38383838u; uint32_t sfa_e8m0 = 0x7f7f7f7fu; uint32_t sfb_e8m0 = 0x7f7f7f7fu; uint32_t metadata = 0x44444444u; float d0 = 0.0f, d1 = 0.0f, d2 = 0.0f, d3 = 0.0f; constexpr uint16_t bidA = 0, tidA = 0, bidB = 0, tidB = 0; (void)a0; (void)a1; (void)a2; (void)a3; (void)b0; (void)b1; (void)b2; (void)b3; (void)sfa_e4m3; (void)sfb_e4m3; (void)sfa_e8m0; (void)sfb_e8m0; (void)metadata; (void)bidA; (void)tidA; (void)bidB; (void)tidB;
#14 36.08                                                                                                                                                                                                                                                                                          ^
#14 36.08 
#14 36.08 /src/src/compute/mxf4nvf4_mma_variants_bench.cu(201): warning #550-D: variable "sfa_e4m3" was set but never used
#14 36.08       uint32_t a0 = threadIdx.x * 37u + 1u; uint32_t a1 = threadIdx.x * 41u + 2u; uint32_t a2 = threadIdx.x * 43u + 3u; uint32_t a3 = threadIdx.x * 47u + 4u; uint32_t b0 = threadIdx.x * 53u + 5u; uint32_t b1 = threadIdx.x * 59u + 6u; uint32_t b2 = threadIdx.x * 61u + 7u; uint32_t b3 = threadIdx.x * 67u + 8u; uint32_t sfa_e4m3 = 0x38383838u; uint32_t sfb_e4m3 = 0x38383838u; uint32_t sfa_e8m0 = 0x7f7f7f7fu; uint32_t sfb_e8m0 = 0x7f7f7f7fu; uint32_t metadata = 0x44444444u; float d0 = 0.0f, d1 = 0.0f, d2 = 0.0f, d3 = 0.0f; constexpr uint16_t bidA = 0, tidA = 0, bidB = 0, tidB = 0; (void)a0; (void)a1; (void)a2; (void)a3; (void)b0; (void)b1; (void)b2; (void)b3; (void)sfa_e4m3; (void)sfb_e4m3; (void)sfa_e8m0; (void)sfb_e8m0; (void)metadata; (void)bidA; (void)tidA; (void)bidB; (void)tidB;
#14 36.08                                                                                                                                                                                                                                                                                                                                ^
#14 36.08 
#14 36.08 /src/src/compute/mxf4nvf4_mma_variants_bench.cu(201): warning #550-D: variable "sfb_e4m3" was set but never used
#14 36.08       uint32_t a0 = threadIdx.x * 37u + 1u; uint32_t a1 = threadIdx.x * 41u + 2u; uint32_t a2 = threadIdx.x * 43u + 3u; uint32_t a3 = threadIdx.x * 47u + 4u; uint32_t b0 = threadIdx.x * 53u + 5u; uint32_t b1 = threadIdx.x * 59u + 6u; uint32_t b2 = threadIdx.x * 61u + 7u; uint32_t b3 = threadIdx.x * 67u + 8u; uint32_t sfa_e4m3 = 0x38383838u; uint32_t sfb_e4m3 = 0x38383838u; uint32_t sfa_e8m0 = 0x7f7f7f7fu; uint32_t sfb_e8m0 = 0x7f7f7f7fu; uint32_t metadata = 0x44444444u; float d0 = 0.0f, d1 = 0.0f, d2 = 0.0f, d3 = 0.0f; constexpr uint16_t bidA = 0, tidA = 0, bidB = 0, tidB = 0; (void)a0; (void)a1; (void)a2; (void)a3; (void)b0; (void)b1; (void)b2; (void)b3; (void)sfa_e4m3; (void)sfb_e4m3; (void)sfa_e8m0; (void)sfb_e8m0; (void)metadata; (void)bidA; (void)tidA; (void)bidB; (void)tidB;
#14 36.08                                                                                                                                                                                                                                                                                                                                                                 ^
#14 36.08 
#14 36.08 /src/src/compute/mxf4nvf4_mma_variants_bench.cu(201): warning #550-D: variable "metadata" was set but never used
#14 36.08       uint32_t a0 = threadIdx.x * 37u + 1u; uint32_t a1 = threadIdx.x * 41u + 2u; uint32_t a2 = threadIdx.x * 43u + 3u; uint32_t a3 = threadIdx.x * 47u + 4u; uint32_t b0 = threadIdx.x * 53u + 5u; uint32_t b1 = threadIdx.x * 59u + 6u; uint32_t b2 = threadIdx.x * 61u + 7u; uint32_t b3 = threadIdx.x * 67u + 8u; uint32_t sfa_e4m3 = 0x38383838u; uint32_t sfb_e4m3 = 0x38383838u; uint32_t sfa_e8m0 = 0x7f7f7f7fu; uint32_t sfb_e8m0 = 0x7f7f7f7fu; uint32_t metadata = 0x44444444u; float d0 = 0.0f, d1 = 0.0f, d2 = 0.0f, d3 = 0.0f; constexpr uint16_t bidA = 0, tidA = 0, bidB = 0, tidB = 0; (void)a0; (void)a1; (void)a2; (void)a3; (void)b0; (void)b1; (void)b2; (void)b3; (void)sfa_e4m3; (void)sfb_e4m3; (void)sfa_e8m0; (void)sfb_e8m0; (void)metadata; (void)bidA; (void)tidA; (void)bidB; (void)tidB;
#14 36.08                                                                                                                                                                                                                                                                                                                                                                                                                                                                    ^
#14 36.08 
#14 36.08 /src/src/compute/mxf4nvf4_mma_variants_bench.cu(223): warning #550-D: variable "sfa_e4m3" was set but never used
#14 36.08       uint32_t a0 = threadIdx.x * 37u + 1u; uint32_t a1 = threadIdx.x * 41u + 2u; uint32_t a2 = threadIdx.x * 43u + 3u; uint32_t a3 = threadIdx.x * 47u + 4u; uint32_t b0 = threadIdx.x * 53u + 5u; uint32_t b1 = threadIdx.x * 59u + 6u; uint32_t b2 = threadIdx.x * 61u + 7u; uint32_t b3 = threadIdx.x * 67u + 8u; uint32_t sfa_e4m3 = 0x38383838u; uint32_t sfb_e4m3 = 0x38383838u; uint32_t sfa_e8m0 = 0x7f7f7f7fu; uint32_t sfb_e8m0 = 0x7f7f7f7fu; uint32_t metadata = 0x44444444u; float d0 = 0.0f, d1 = 0.0f, d2 = 0.0f, d3 = 0.0f; constexpr uint16_t bidA = 0, tidA = 0, bidB = 0, tidB = 0; (void)a0; (void)a1; (void)a2; (void)a3; (void)b0; (void)b1; (void)b2; (void)b3; (void)sfa_e4m3; (void)sfb_e4m3; (void)sfa_e8m0; (void)sfb_e8m0; (void)metadata; (void)bidA; (void)tidA; (void)bidB; (void)tidB;
#14 36.08                                                                                                                                                                                                                                                                                                                                ^
#14 36.08 
#14 36.08 /src/src/compute/mxf4nvf4_mma_variants_bench.cu(223): warning #550-D: variable "sfb_e4m3" was set but never used
#14 36.08       uint32_t a0 = threadIdx.x * 37u + 1u; uint32_t a1 = threadIdx.x * 41u + 2u; uint32_t a2 = threadIdx.x * 43u + 3u; uint32_t a3 = threadIdx.x * 47u + 4u; uint32_t b0 = threadIdx.x * 53u + 5u; uint32_t b1 = threadIdx.x * 59u + 6u; uint32_t b2 = threadIdx.x * 61u + 7u; uint32_t b3 = threadIdx.x * 67u + 8u; uint32_t sfa_e4m3 = 0x38383838u; uint32_t sfb_e4m3 = 0x38383838u; uint32_t sfa_e8m0 = 0x7f7f7f7fu; uint32_t sfb_e8m0 = 0x7f7f7f7fu; uint32_t metadata = 0x44444444u; float d0 = 0.0f, d1 = 0.0f, d2 = 0.0f, d3 = 0.0f; constexpr uint16_t bidA = 0, tidA = 0, bidB = 0, tidB = 0; (void)a0; (void)a1; (void)a2; (void)a3; (void)b0; (void)b1; (void)b2; (void)b3; (void)sfa_e4m3; (void)sfb_e4m3; (void)sfa_e8m0; (void)sfb_e8m0; (void)metadata; (void)bidA; (void)tidA; (void)bidB; (void)tidB;
#14 36.08                                                                                                                                                                                                                                                                                                                                                                 ^
#14 36.08 
#14 36.08 /src/src/compute/mxf4nvf4_mma_variants_bench.cu(223): warning #550-D: variable "sfa_e8m0" was set but never used
#14 36.08       uint32_t a0 = threadIdx.x * 37u + 1u; uint32_t a1 = threadIdx.x * 41u + 2u; uint32_t a2 = threadIdx.x * 43u + 3u; uint32_t a3 = threadIdx.x * 47u + 4u; uint32_t b0 = threadIdx.x * 53u + 5u; uint32_t b1 = threadIdx.x * 59u + 6u; uint32_t b2 = threadIdx.x * 61u + 7u; uint32_t b3 = threadIdx.x * 67u + 8u; uint32_t sfa_e4m3 = 0x38383838u; uint32_t sfb_e4m3 = 0x38383838u; uint32_t sfa_e8m0 = 0x7f7f7f7fu; uint32_t sfb_e8m0 = 0x7f7f7f7fu; uint32_t metadata = 0x44444444u; float d0 = 0.0f, d1 = 0.0f, d2 = 0.0f, d3 = 0.0f; constexpr uint16_t bidA = 0, tidA = 0, bidB = 0, tidB = 0; (void)a0; (void)a1; (void)a2; (void)a3; (void)b0; (void)b1; (void)b2; (void)b3; (void)sfa_e4m3; (void)sfb_e4m3; (void)sfa_e8m0; (void)sfb_e8m0; (void)metadata; (void)bidA; (void)tidA; (void)bidB; (void)tidB;
#14 36.08                                                                                                                                                                                                                                                                                                                                                                                                  ^
#14 36.08 
#14 36.08 /src/src/compute/mxf4nvf4_mma_variants_bench.cu(223): warning #550-D: variable "sfb_e8m0" was set but never used
#14 36.08       uint32_t a0 = threadIdx.x * 37u + 1u; uint32_t a1 = threadIdx.x * 41u + 2u; uint32_t a2 = threadIdx.x * 43u + 3u; uint32_t a3 = threadIdx.x * 47u + 4u; uint32_t b0 = threadIdx.x * 53u + 5u; uint32_t b1 = threadIdx.x * 59u + 6u; uint32_t b2 = threadIdx.x * 61u + 7u; uint32_t b3 = threadIdx.x * 67u + 8u; uint32_t sfa_e4m3 = 0x38383838u; uint32_t sfb_e4m3 = 0x38383838u; uint32_t sfa_e8m0 = 0x7f7f7f7fu; uint32_t sfb_e8m0 = 0x7f7f7f7fu; uint32_t metadata = 0x44444444u; float d0 = 0.0f, d1 = 0.0f, d2 = 0.0f, d3 = 0.0f; constexpr uint16_t bidA = 0, tidA = 0, bidB = 0, tidB = 0; (void)a0; (void)a1; (void)a2; (void)a3; (void)b0; (void)b1; (void)b2; (void)b3; (void)sfa_e4m3; (void)sfb_e4m3; (void)sfa_e8m0; (void)sfb_e8m0; (void)metadata; (void)bidA; (void)tidA; (void)bidB; (void)tidB;
#14 36.08                                                                                                                                                                                                                                                                                                                                                                                                                                   ^
#14 36.08 
#14 36.08 /src/src/compute/mxf4nvf4_mma_variants_bench.cu(247): warning #550-D: variable "a0" was set but never used
#14 36.08       uint32_t a0 = threadIdx.x * 37u + 1u; uint32_t a1 = threadIdx.x * 41u + 2u; uint32_t a2 = threadIdx.x * 43u + 3u; uint32_t a3 = threadIdx.x * 47u + 4u; uint32_t b0 = threadIdx.x * 53u + 5u; uint32_t b1 = threadIdx.x * 59u + 6u; uint32_t b2 = threadIdx.x * 61u + 7u; uint32_t b3 = threadIdx.x * 67u + 8u; uint32_t sfa_e4m3 = 0x38383838u; uint32_t sfb_e4m3 = 0x38383838u; uint32_t sfa_e8m0 = 0x7f7f7f7fu; uint32_t sfb_e8m0 = 0x7f7f7f7fu; uint32_t metadata = 0x44444444u; float d0 = 0.0f, d1 = 0.0f, d2 = 0.0f, d3 = 0.0f; constexpr uint16_t bidA = 0, tidA = 0, bidB = 0, tidB = 0; (void)a0; (void)a1; (void)a2; (void)a3; (void)b0; (void)b1; (void)b2; (void)b3; (void)sfa_e4m3; (void)sfb_e4m3; (void)sfa_e8m0; (void)sfb_e8m0; (void)metadata; (void)bidA; (void)tidA; (void)bidB; (void)tidB;
#14 36.08                ^
#14 36.08 
#14 36.08 /src/src/compute/mxf4nvf4_mma_variants_bench.cu(247): warning #550-D: variable "a1" was set but never used
#14 36.08       uint32_t a0 = threadIdx.x * 37u + 1u; uint32_t a1 = threadIdx.x * 41u + 2u; uint32_t a2 = threadIdx.x * 43u + 3u; uint32_t a3 = threadIdx.x * 47u + 4u; uint32_t b0 = threadIdx.x * 53u + 5u; uint32_t b1 = threadIdx.x * 59u + 6u; uint32_t b2 = threadIdx.x * 61u + 7u; uint32_t b3 = threadIdx.x * 67u + 8u; uint32_t sfa_e4m3 = 0x38383838u; uint32_t sfb_e4m3 = 0x38383838u; uint32_t sfa_e8m0 = 0x7f7f7f7fu; uint32_t sfb_e8m0 = 0x7f7f7f7fu; uint32_t metadata = 0x44444444u; float d0 = 0.0f, d1 = 0.0f, d2 = 0.0f, d3 = 0.0f; constexpr uint16_t bidA = 0, tidA = 0, bidB = 0, tidB = 0; (void)a0; (void)a1; (void)a2; (void)a3; (void)b0; (void)b1; (void)b2; (void)b3; (void)sfa_e4m3; (void)sfb_e4m3; (void)sfa_e8m0; (void)sfb_e8m0; (void)metadata; (void)bidA; (void)tidA; (void)bidB; (void)tidB;
#14 36.08                                                      ^
#14 36.08 
#14 36.08 /src/src/compute/mxf4nvf4_mma_variants_bench.cu(247): warning #550-D: variable "a2" was set but never used
#14 36.08       uint32_t a0 = threadIdx.x * 37u + 1u; uint32_t a1 = threadIdx.x * 41u + 2u; uint32_t a2 = threadIdx.x * 43u + 3u; uint32_t a3 = threadIdx.x * 47u + 4u; uint32_t b0 = threadIdx.x * 53u + 5u; uint32_t b1 = threadIdx.x * 59u + 6u; uint32_t b2 = threadIdx.x * 61u + 7u; uint32_t b3 = threadIdx.x * 67u + 8u; uint32_t sfa_e4m3 = 0x38383838u; uint32_t sfb_e4m3 = 0x38383838u; uint32_t sfa_e8m0 = 0x7f7f7f7fu; uint32_t sfb_e8m0 = 0x7f7f7f7fu; uint32_t metadata = 0x44444444u; float d0 = 0.0f, d1 = 0.0f, d2 = 0.0f, d3 = 0.0f; constexpr uint16_t bidA = 0, tidA = 0, bidB = 0, tidB = 0; (void)a0; (void)a1; (void)a2; (void)a3; (void)b0; (void)b1; (void)b2; (void)b3; (void)sfa_e4m3; (void)sfb_e4m3; (void)sfa_e8m0; (void)sfb_e8m0; (void)metadata; (void)bidA; (void)tidA; (void)bidB; (void)tidB;
#14 36.08                                                                                            ^
#14 36.08 
#14 36.08 /src/src/compute/mxf4nvf4_mma_variants_bench.cu(247): warning #550-D: variable "a3" was set but never used
#14 36.08       uint32_t a0 = threadIdx.x * 37u + 1u; uint32_t a1 = threadIdx.x * 41u + 2u; uint32_t a2 = threadIdx.x * 43u + 3u; uint32_t a3 = threadIdx.x * 47u + 4u; uint32_t b0 = threadIdx.x * 53u + 5u; uint32_t b1 = threadIdx.x * 59u + 6u; uint32_t b2 = threadIdx.x * 61u + 7u; uint32_t b3 = threadIdx.x * 67u + 8u; uint32_t sfa_e4m3 = 0x38383838u; uint32_t sfb_e4m3 = 0x38383838u; uint32_t sfa_e8m0 = 0x7f7f7f7fu; uint32_t sfb_e8m0 = 0x7f7f7f7fu; uint32_t metadata = 0x44444444u; float d0 = 0.0f, d1 = 0.0f, d2 = 0.0f, d3 = 0.0f; constexpr uint16_t bidA = 0, tidA = 0, bidB = 0, tidB = 0; (void)a0; (void)a1; (void)a2; (void)a3; (void)b0; (void)b1; (void)b2; (void)b3; (void)sfa_e4m3; (void)sfb_e4m3; (void)sfa_e8m0; (void)sfb_e8m0; (void)metadata; (void)bidA; (void)tidA; (void)bidB; (void)tidB;
#14 36.08                                                                                                                                  ^
#14 36.08 
#14 36.08 /src/src/compute/mxf4nvf4_mma_variants_bench.cu(247): warning #550-D: variable "b0" was set but never used
#14 36.08       uint32_t a0 = threadIdx.x * 37u + 1u; uint32_t a1 = threadIdx.x * 41u + 2u; uint32_t a2 = threadIdx.x * 43u + 3u; uint32_t a3 = threadIdx.x * 47u + 4u; uint32_t b0 = threadIdx.x * 53u + 5u; uint32_t b1 = threadIdx.x * 59u + 6u; uint32_t b2 = threadIdx.x * 61u + 7u; uint32_t b3 = threadIdx.x * 67u + 8u; uint32_t sfa_e4m3 = 0x38383838u; uint32_t sfb_e4m3 = 0x38383838u; uint32_t sfa_e8m0 = 0x7f7f7f7fu; uint32_t sfb_e8m0 = 0x7f7f7f7fu; uint32_t metadata = 0x44444444u; float d0 = 0.0f, d1 = 0.0f, d2 = 0.0f, d3 = 0.0f; constexpr uint16_t bidA = 0, tidA = 0, bidB = 0, tidB = 0; (void)a0; (void)a1; (void)a2; (void)a3; (void)b0; (void)b1; (void)b2; (void)b3; (void)sfa_e4m3; (void)sfb_e4m3; (void)sfa_e8m0; (void)sfb_e8m0; (void)metadata; (void)bidA; (void)tidA; (void)bidB; (void)tidB;
#14 36.08                                                                                                                                                                        ^
#14 36.08 
#14 36.08 /src/src/compute/mxf4nvf4_mma_variants_bench.cu(247): warning #550-D: variable "b1" was set but never used
#14 36.08       uint32_t a0 = threadIdx.x * 37u + 1u; uint32_t a1 = threadIdx.x * 41u + 2u; uint32_t a2 = threadIdx.x * 43u + 3u; uint32_t a3 = threadIdx.x * 47u + 4u; uint32_t b0 = threadIdx.x * 53u + 5u; uint32_t b1 = threadIdx.x * 59u + 6u; uint32_t b2 = threadIdx.x * 61u + 7u; uint32_t b3 = threadIdx.x * 67u + 8u; uint32_t sfa_e4m3 = 0x38383838u; uint32_t sfb_e4m3 = 0x38383838u; uint32_t sfa_e8m0 = 0x7f7f7f7fu; uint32_t sfb_e8m0 = 0x7f7f7f7fu; uint32_t metadata = 0x44444444u; float d0 = 0.0f, d1 = 0.0f, d2 = 0.0f, d3 = 0.0f; constexpr uint16_t bidA = 0, tidA = 0, bidB = 0, tidB = 0; (void)a0; (void)a1; (void)a2; (void)a3; (void)b0; (void)b1; (void)b2; (void)b3; (void)sfa_e4m3; (void)sfb_e4m3; (void)sfa_e8m0; (void)sfb_e8m0; (void)metadata; (void)bidA; (void)tidA; (void)bidB; (void)tidB;
#14 36.08                                                                                                                                                                                                              ^
#14 36.08 
#14 36.08 /src/src/compute/mxf4nvf4_mma_variants_bench.cu(247): warning #550-D: variable "b2" was set but never used
#14 36.08       uint32_t a0 = threadIdx.x * 37u + 1u; uint32_t a1 = threadIdx.x * 41u + 2u; uint32_t a2 = threadIdx.x * 43u + 3u; uint32_t a3 = threadIdx.x * 47u + 4u; uint32_t b0 = threadIdx.x * 53u + 5u; uint32_t b1 = threadIdx.x * 59u + 6u; uint32_t b2 = threadIdx.x * 61u + 7u; uint32_t b3 = threadIdx.x * 67u + 8u; uint32_t sfa_e4m3 = 0x38383838u; uint32_t sfb_e4m3 = 0x38383838u; uint32_t sfa_e8m0 = 0x7f7f7f7fu; uint32_t sfb_e8m0 = 0x7f7f7f7fu; uint32_t metadata = 0x44444444u; float d0 = 0.0f, d1 = 0.0f, d2 = 0.0f, d3 = 0.0f; constexpr uint16_t bidA = 0, tidA = 0, bidB = 0, tidB = 0; (void)a0; (void)a1; (void)a2; (void)a3; (void)b0; (void)b1; (void)b2; (void)b3; (void)sfa_e4m3; (void)sfb_e4m3; (void)sfa_e8m0; (void)sfb_e8m0; (void)metadata; (void)bidA; (void)tidA; (void)bidB; (void)tidB;
#14 36.08                                                                                                                                                                                                                                                    ^
#14 36.08 
#14 36.08 /src/src/compute/mxf4nvf4_mma_variants_bench.cu(247): warning #550-D: variable "b3" was set but never used
#14 36.08       uint32_t a0 = threadIdx.x * 37u + 1u; uint32_t a1 = threadIdx.x * 41u + 2u; uint32_t a2 = threadIdx.x * 43u + 3u; uint32_t a3 = threadIdx.x * 47u + 4u; uint32_t b0 = threadIdx.x * 53u + 5u; uint32_t b1 = threadIdx.x * 59u + 6u; uint32_t b2 = threadIdx.x * 61u + 7u; uint32_t b3 = threadIdx.x * 67u + 8u; uint32_t sfa_e4m3 = 0x38383838u; uint32_t sfb_e4m3 = 0x38383838u; uint32_t sfa_e8m0 = 0x7f7f7f7fu; uint32_t sfb_e8m0 = 0x7f7f7f7fu; uint32_t metadata = 0x44444444u; float d0 = 0.0f, d1 = 0.0f, d2 = 0.0f, d3 = 0.0f; constexpr uint16_t bidA = 0, tidA = 0, bidB = 0, tidB = 0; (void)a0; (void)a1; (void)a2; (void)a3; (void)b0; (void)b1; (void)b2; (void)b3; (void)sfa_e4m3; (void)sfb_e4m3; (void)sfa_e8m0; (void)sfb_e8m0; (void)metadata; (void)bidA; (void)tidA; (void)bidB; (void)tidB;
#14 36.08                                                                                                                                                                                                                                                                                          ^
#14 36.08 
#14 36.08 /src/src/compute/mxf4nvf4_mma_variants_bench.cu(247): warning #550-D: variable "sfa_e4m3" was set but never used
#14 36.08       uint32_t a0 = threadIdx.x * 37u + 1u; uint32_t a1 = threadIdx.x * 41u + 2u; uint32_t a2 = threadIdx.x * 43u + 3u; uint32_t a3 = threadIdx.x * 47u + 4u; uint32_t b0 = threadIdx.x * 53u + 5u; uint32_t b1 = threadIdx.x * 59u + 6u; uint32_t b2 = threadIdx.x * 61u + 7u; uint32_t b3 = threadIdx.x * 67u + 8u; uint32_t sfa_e4m3 = 0x38383838u; uint32_t sfb_e4m3 = 0x38383838u; uint32_t sfa_e8m0 = 0x7f7f7f7fu; uint32_t sfb_e8m0 = 0x7f7f7f7fu; uint32_t metadata = 0x44444444u; float d0 = 0.0f, d1 = 0.0f, d2 = 0.0f, d3 = 0.0f; constexpr uint16_t bidA = 0, tidA = 0, bidB = 0, tidB = 0; (void)a0; (void)a1; (void)a2; (void)a3; (void)b0; (void)b1; (void)b2; (void)b3; (void)sfa_e4m3; (void)sfb_e4m3; (void)sfa_e8m0; (void)sfb_e8m0; (void)metadata; (void)bidA; (void)tidA; (void)bidB; (void)tidB;
#14 36.08                                                                                                                                                                                                                                                                                                                                ^
#14 36.08 
#14 36.08 /src/src/compute/mxf4nvf4_mma_variants_bench.cu(247): warning #550-D: variable "sfb_e4m3" was set but never used
#14 36.08       uint32_t a0 = threadIdx.x * 37u + 1u; uint32_t a1 = threadIdx.x * 41u + 2u; uint32_t a2 = threadIdx.x * 43u + 3u; uint32_t a3 = threadIdx.x * 47u + 4u; uint32_t b0 = threadIdx.x * 53u + 5u; uint32_t b1 = threadIdx.x * 59u + 6u; uint32_t b2 = threadIdx.x * 61u + 7u; uint32_t b3 = threadIdx.x * 67u + 8u; uint32_t sfa_e4m3 = 0x38383838u; uint32_t sfb_e4m3 = 0x38383838u; uint32_t sfa_e8m0 = 0x7f7f7f7fu; uint32_t sfb_e8m0 = 0x7f7f7f7fu; uint32_t metadata = 0x44444444u; float d0 = 0.0f, d1 = 0.0f, d2 = 0.0f, d3 = 0.0f; constexpr uint16_t bidA = 0, tidA = 0, bidB = 0, tidB = 0; (void)a0; (void)a1; (void)a2; (void)a3; (void)b0; (void)b1; (void)b2; (void)b3; (void)sfa_e4m3; (void)sfb_e4m3; (void)sfa_e8m0; (void)sfb_e8m0; (void)metadata; (void)bidA; (void)tidA; (void)bidB; (void)tidB;
#14 36.08                                                                                                                                                                                                                                                                                                                                                                 ^
#14 36.08 
#14 36.08 /src/src/compute/mxf4nvf4_mma_variants_bench.cu(247): warning #550-D: variable "sfa_e8m0" was set but never used
#14 36.08       uint32_t a0 = threadIdx.x * 37u + 1u; uint32_t a1 = threadIdx.x * 41u + 2u; uint32_t a2 = threadIdx.x * 43u + 3u; uint32_t a3 = threadIdx.x * 47u + 4u; uint32_t b0 = threadIdx.x * 53u + 5u; uint32_t b1 = threadIdx.x * 59u + 6u; uint32_t b2 = threadIdx.x * 61u + 7u; uint32_t b3 = threadIdx.x * 67u + 8u; uint32_t sfa_e4m3 = 0x38383838u; uint32_t sfb_e4m3 = 0x38383838u; uint32_t sfa_e8m0 = 0x7f7f7f7fu; uint32_t sfb_e8m0 = 0x7f7f7f7fu; uint32_t metadata = 0x44444444u; float d0 = 0.0f, d1 = 0.0f, d2 = 0.0f, d3 = 0.0f; constexpr uint16_t bidA = 0, tidA = 0, bidB = 0, tidB = 0; (void)a0; (void)a1; (void)a2; (void)a3; (void)b0; (void)b1; (void)b2; (void)b3; (void)sfa_e4m3; (void)sfb_e4m3; (void)sfa_e8m0; (void)sfb_e8m0; (void)metadata; (void)bidA; (void)tidA; (void)bidB; (void)tidB;
#14 36.08                                                                                                                                                                                                                                                                                                                                                                                                  ^
#14 36.08 
#14 36.08 /src/src/compute/mxf4nvf4_mma_variants_bench.cu(247): warning #550-D: variable "sfb_e8m0" was set but never used
#14 36.08       uint32_t a0 = threadIdx.x * 37u + 1u; uint32_t a1 = threadIdx.x * 41u + 2u; uint32_t a2 = threadIdx.x * 43u + 3u; uint32_t a3 = threadIdx.x * 47u + 4u; uint32_t b0 = threadIdx.x * 53u + 5u; uint32_t b1 = threadIdx.x * 59u + 6u; uint32_t b2 = threadIdx.x * 61u + 7u; uint32_t b3 = threadIdx.x * 67u + 8u; uint32_t sfa_e4m3 = 0x38383838u; uint32_t sfb_e4m3 = 0x38383838u; uint32_t sfa_e8m0 = 0x7f7f7f7fu; uint32_t sfb_e8m0 = 0x7f7f7f7fu; uint32_t metadata = 0x44444444u; float d0 = 0.0f, d1 = 0.0f, d2 = 0.0f, d3 = 0.0f; constexpr uint16_t bidA = 0, tidA = 0, bidB = 0, tidB = 0; (void)a0; (void)a1; (void)a2; (void)a3; (void)b0; (void)b1; (void)b2; (void)b3; (void)sfa_e4m3; (void)sfb_e4m3; (void)sfa_e8m0; (void)sfb_e8m0; (void)metadata; (void)bidA; (void)tidA; (void)bidB; (void)tidB;
#14 36.08                                                                                                                                                                                                                                                                                                                                                                                                                                   ^
#14 36.08 
#14 36.08 /src/src/compute/mxf4nvf4_mma_variants_bench.cu(247): warning #550-D: variable "metadata" was set but never used
#14 36.08       uint32_t a0 = threadIdx.x * 37u + 1u; uint32_t a1 = threadIdx.x * 41u + 2u; uint32_t a2 = threadIdx.x * 43u + 3u; uint32_t a3 = threadIdx.x * 47u + 4u; uint32_t b0 = threadIdx.x * 53u + 5u; uint32_t b1 = threadIdx.x * 59u + 6u; uint32_t b2 = threadIdx.x * 61u + 7u; uint32_t b3 = threadIdx.x * 67u + 8u; uint32_t sfa_e4m3 = 0x38383838u; uint32_t sfb_e4m3 = 0x38383838u; uint32_t sfa_e8m0 = 0x7f7f7f7fu; uint32_t sfb_e8m0 = 0x7f7f7f7fu; uint32_t metadata = 0x44444444u; float d0 = 0.0f, d1 = 0.0f, d2 = 0.0f, d3 = 0.0f; constexpr uint16_t bidA = 0, tidA = 0, bidB = 0, tidB = 0; (void)a0; (void)a1; (void)a2; (void)a3; (void)b0; (void)b1; (void)b2; (void)b3; (void)sfa_e4m3; (void)sfb_e4m3; (void)sfa_e8m0; (void)sfb_e8m0; (void)metadata; (void)bidA; (void)tidA; (void)bidB; (void)tidB;
#14 36.08                                                                                                                                                                                                                                                                                                                                                                                                                                                                    ^
#14 36.08 
#14 36.09 [74/234] Building CUDA object CMakeFiles/imp.dir/src/compute/mxf4nvf4_mma_bench.cu.o
#14 36.16 [75/234] Building CUDA object CMakeFiles/imp.dir/src/compute/attention_paged.cu.o
#14 36.22 [76/234] Building CUDA object CMakeFiles/imp.dir/src/compute/attention_mxfp4_prefill.cu.o
#14 36.36 [77/234] Building CXX object CMakeFiles/imp.dir/src/runtime/request.cpp.o
#14 36.65 [78/234] Building CUDA object CMakeFiles/imp.dir/src/compute/attention_fmha_mxf4nvf4_sm120.cu.o
#14 36.67 [79/234] Building CUDA object CMakeFiles/imp.dir/src/compute/mxf4nvf4_qkt_validate.cu.o
#14 36.76 [80/234] Building CXX object CMakeFiles/imp.dir/src/runtime/config.cpp.o
#14 36.92 [81/234] Building CUDA object CMakeFiles/imp.dir/src/compute/nvfp4_quant_hw.cu.o
#14 37.00 [82/234] Building CXX object CMakeFiles/imp.dir/src/runtime/batch.cpp.o
#14 37.38 [83/234] Building CXX object CMakeFiles/imp.dir/src/runtime/scheduler.cpp.o
#14 37.46 [84/234] Building CXX object CMakeFiles/imp.dir/src/runtime/constraint_manager.cpp.o
#14 37.54 [85/234] Building CXX object CMakeFiles/imp.dir/src/runtime/vision_pipeline.cpp.o
#14 37.57 [86/234] Building CUDA object CMakeFiles/imp.dir/src/runtime/green_ctx.cu.o
#14 37.89 [87/234] Building CXX object CMakeFiles/imp.dir/src/runtime/presets.cpp.o
#14 38.34 [88/234] Building CXX object CMakeFiles/imp.dir/src/runtime/vram_budget.cpp.o
#14 38.77 [89/234] Building CXX object CMakeFiles/imp.dir/src/runtime/engine_speculative.cpp.o
#14 38.78 [90/234] Building CXX object CMakeFiles/imp.dir/src/runtime/storage_planner.cpp.o
#14 38.78 [91/234] Building CXX object CMakeFiles/imp.dir/src/graph/op.cpp.o
#14 39.37 [92/234] Building CXX object CMakeFiles/imp.dir/src/runtime/ngram_spec.cpp.o
#14 39.42 [93/234] Building CXX object CMakeFiles/imp.dir/src/runtime/self_speculative.cpp.o
#14 39.49 [94/234] Building CUDA object CMakeFiles/imp.dir/src/compute/attention_fmha_sm120.cu.o
#14 39.52 [95/234] Building CXX object CMakeFiles/imp.dir/src/runtime/speculative.cpp.o
#14 39.69 [96/234] Building CXX object CMakeFiles/imp.dir/src/graph/graph.cpp.o
#14 39.71 [97/234] Building CUDA object CMakeFiles/imp.dir/src/runtime/pdl.cu.o
#14 41.70 [98/234] Building CXX object CMakeFiles/imp.dir/src/runtime/engine.cpp.o
#14 41.90 [99/234] Building CUDA object CMakeFiles/imp.dir/src/runtime/cuda_graph.cu.o
#14 42.77 [100/234] Building CUDA object CMakeFiles/imp.dir/src/graph/executor.cu.o
#14 43.01 [101/234] Building CUDA object CMakeFiles/imp.dir/src/compute/attention_fmha_mxfp4_sm120.cu.o
#14 43.77 [102/234] Building CUDA object CMakeFiles/imp.dir/src/graph/executor_kv_write.cu.o
#14 43.88 [103/234] Building CUDA object CMakeFiles/imp.dir/src/graph/executor_workspace_buffers.cu.o
#14 44.02 [104/234] Building CUDA object CMakeFiles/imp.dir/src/graph/executor_workspace.cu.o
#14 44.25 [105/234] Building CUDA object CMakeFiles/imp.dir/src/graph/executor_workspace_config.cu.o
#14 44.50 [106/234] Building CUDA object CMakeFiles/imp.dir/src/graph/executor_attention.cu.o
#14 44.51 [107/234] Building CUDA object CMakeFiles/imp.dir/src/graph/executor_kernels.cu.o
#14 44.85 [108/234] Building CXX object CMakeFiles/imp.dir/src/vision/vision_model.cpp.o
#14 45.69 [109/234] Building CUDA object CMakeFiles/imp.dir/src/compute/sampling.cu.o
#14 46.10 [110/234] Building CUDA object CMakeFiles/imp.dir/src/graph/moe_workspace.cu.o
#14 46.16 [111/234] Building CXX object CMakeFiles/imp.dir/src/vision/vision_loader.cpp.o
#14 46.18 [112/234] Building CUDA object CMakeFiles/imp.dir/src/graph/executor_ffn.cu.o
#14 46.34 [113/234] Building CUDA object CMakeFiles/imp.dir/src/graph/quant_scratch.cu.o
#14 46.52 [114/234] Building CUDA object CMakeFiles/imp.dir/src/graph/weight_handle.cu.o
#14 46.66 [115/234] Building CUDA object CMakeFiles/imp.dir/src/compute/gemm_dp4a.cu.o
#14 46.75 [116/234] Building CXX object CMakeFiles/imp-cli.dir/tools/imp-cli/args.cpp.o
#14 47.19 [117/234] Building CXX object CMakeFiles/imp-bench.dir/tools/imp-bench/main.cpp.o
#14 47.26 [118/234] Building CUDA object CMakeFiles/imp.dir/src/graph/executor_forward.cu.o
#14 47.68 [119/234] Building CUDA object CMakeFiles/imp.dir/src/graph/executor_ssm_gdn.cu.o
#14 47.71 [120/234] Building CXX object CMakeFiles/imp-server.dir/tools/imp-server/args.cpp.o
#14 48.17 [121/234] Building CUDA object CMakeFiles/imp.dir/src/graph/expert_cache.cu.o
#14 48.17 [122/234] Building CUDA object CMakeFiles/imp.dir/src/graph/executor_pre_dequant.cu.o
#14 48.85 [123/234] Building CUDA object CMakeFiles/imp-bench.dir/tools/imp-bench/bench_gemm.cu.o
#14 48.93 [124/234] Building CXX object CMakeFiles/imp.dir/src/api/imp_api.cpp.o
#14 49.19 [125/234] Building CUDA object CMakeFiles/imp.dir/src/vision/vision_encoder.cu.o
#14 49.22 [126/234] Building CUDA object CMakeFiles/imp.dir/src/graph/executor_forward_moe.cu.o
#14 49.30 [127/234] Building CUDA object CMakeFiles/imp-bench.dir/tools/imp-bench/bench_attention.cu.o
#14 49.32 [128/234] Building CXX object CMakeFiles/imp-cli.dir/tools/imp-cli/main.cpp.o
#14 49.64 [129/234] Building CXX object CMakeFiles/imp-bench.dir/tools/imp-bench/bench_e2e.cpp.o
#14 50.68 [130/234] Building CXX object CMakeFiles/test-core.dir/tests/test_tensor_kind_table.cpp.o
#14 50.75 [131/234] Building CXX object CMakeFiles/test-core.dir/tests/test_tensor_kind_matcher.cpp.o
#14 51.17 [132/234] Building CXX object CMakeFiles/test-core.dir/tests/test_tensor_kind_coverage.cpp.o
#14 51.20 [133/234] Building CXX object CMakeFiles/test-core.dir/tests/test_tensor.cpp.o
#14 51.67 [134/234] Building CXX object CMakeFiles/imp-server.dir/tools/imp-server/batching_engine.cpp.o
#14 51.87 [135/234] Building CXX object CMakeFiles/test-core.dir/tests/test_gguf_loader.cpp.o
#14 52.17 [136/234] Building CXX object CMakeFiles/imp.dir/src/vision/image_processor.cpp.o
#14 53.43 [137/234] Building CXX object CMakeFiles/test-core.dir/tests/test_config.cpp.o
#14 53.74 [138/234] Building CXX object CMakeFiles/test-core.dir/tests/test_llm_compressor_loader.cpp.o
#14 53.74 /src/tests/test_llm_compressor_loader.cpp: In member function 'virtual void LlmCompressorFormatDetect_PrefersModeloptWhenBothPresent_Test::TestBody()':
#14 53.74 /src/tests/test_llm_compressor_loader.cpp:315:58: warning: ISO C++ does not allow '?:' with omitted middle operand [-Wpedantic]
#14 53.74   315 |     std::string dir = std::string(std::getenv("TMPDIR") ?: "/tmp")
#14 53.74       |                                                          ^
#14 53.74 /src/tests/test_llm_compressor_loader.cpp:315:57: warning: ISO C++ forbids omitting the middle term of a '?:' expression [-Wpedantic]
#14 53.74   315 |     std::string dir = std::string(std::getenv("TMPDIR") ?: "/tmp")
#14 53.74       |                                   ~~~~~~~~~~~~~~~~~~~~~~^~~~~~~~~
#14 53.74 /src/tests/test_llm_compressor_loader.cpp: In member function 'virtual void LlmCompressorFormatDetect_DetectsLlmCompressorByRecipeYaml_Test::TestBody()':
#14 53.74 /src/tests/test_llm_compressor_loader.cpp:330:58: warning: ISO C++ does not allow '?:' with omitted middle operand [-Wpedantic]
#14 53.74   330 |     std::string dir = std::string(std::getenv("TMPDIR") ?: "/tmp")
#14 53.74       |                                                          ^
#14 53.74 /src/tests/test_llm_compressor_loader.cpp:330:57: warning: ISO C++ forbids omitting the middle term of a '?:' expression [-Wpedantic]
#14 53.74   330 |     std::string dir = std::string(std::getenv("TMPDIR") ?: "/tmp")
#14 53.74       |                                   ~~~~~~~~~~~~~~~~~~~~~~^~~~~~~~~
#14 53.74 /src/tests/test_llm_compressor_loader.cpp: In member function 'virtual void LlmCompressorFormatDetect_ReturnsFalseWhenNoConfigPresent_Test::TestBody()':
#14 53.74 /src/tests/test_llm_compressor_loader.cpp:349:58: warning: ISO C++ does not allow '?:' with omitted middle operand [-Wpedantic]
#14 53.74   349 |     std::string dir = std::string(std::getenv("TMPDIR") ?: "/tmp")
#14 53.74       |                                                          ^
#14 53.74 /src/tests/test_llm_compressor_loader.cpp:349:57: warning: ISO C++ forbids omitting the middle term of a '?:' expression [-Wpedantic]
#14 53.74   349 |     std::string dir = std::string(std::getenv("TMPDIR") ?: "/tmp")
#14 53.74       |                                   ~~~~~~~~~~~~~~~~~~~~~~^~~~~~~~~
#14 53.74 /src/tests/test_llm_compressor_loader.cpp: In function 'std::string {anonymous}::write_temp_recipe(const std::string&)':
#14 53.74 /src/tests/test_llm_compressor_loader.cpp:183:16: warning: ignoring return value of 'int system(const char*)' declared with attribute 'warn_unused_result' [-Wunused-result]
#14 53.74   183 |     std::system(mkdir_cmd.c_str());
#14 53.74       |     ~~~~~~~~~~~^~~~~~~~~~~~~~~~~~~
#14 53.74 /src/tests/test_llm_compressor_loader.cpp: In function 'void {anonymous}::cleanup_temp_recipe(const std::string&)':
#14 53.74 /src/tests/test_llm_compressor_loader.cpp:192:16: warning: ignoring return value of 'int system(const char*)' declared with attribute 'warn_unused_result' [-Wunused-result]
#14 53.74   192 |     std::system(rm.c_str());
#14 53.74       |     ~~~~~~~~~~~^~~~~~~~~~~~
#14 53.74 /src/tests/test_llm_compressor_loader.cpp: In member function 'virtual void LlmCompressorFormatDetect_PrefersModeloptWhenBothPresent_Test::TestBody()':
#14 53.74 /src/tests/test_llm_compressor_loader.cpp:317:16: warning: ignoring return value of 'int system(const char*)' declared with attribute 'warn_unused_result' [-Wunused-result]
#14 53.74   317 |     std::system(("mkdir -p '" + dir + "'").c_str());
#14 53.74       |     ~~~~~~~~~~~^~~~~~~~~~~~~~~~~~~~~~~~~~~~~~~~~~~~
#14 53.74 /src/tests/test_llm_compressor_loader.cpp:326:16: warning: ignoring return value of 'int system(const char*)' declared with attribute 'warn_unused_result' [-Wunused-result]
#14 53.74   326 |     std::system(("rm -rf '" + dir + "'").c_str());
#14 53.74       |     ~~~~~~~~~~~^~~~~~~~~~~~~~~~~~~~~~~~~~~~~~~~~~
#14 53.74 /src/tests/test_llm_compressor_loader.cpp: In member function 'virtual void LlmCompressorFormatDetect_DetectsLlmCompressorByRecipeYaml_Test::TestBody()':
#14 53.74 /src/tests/test_llm_compressor_loader.cpp:332:16: warning: ignoring return value of 'int system(const char*)' declared with attribute 'warn_unused_result' [-Wunused-result]
#14 53.74   332 |     std::system(("mkdir -p '" + dir + "'").c_str());
#14 53.74       |     ~~~~~~~~~~~^~~~~~~~~~~~~~~~~~~~~~~~~~~~~~~~~~~~
#14 53.74 /src/tests/test_llm_compressor_loader.cpp:345:16: warning: ignoring return value of 'int system(const char*)' declared with attribute 'warn_unused_result' [-Wunused-result]
#14 53.74   345 |     std::system(("rm -rf '" + dir + "'").c_str());
#14 53.74       |     ~~~~~~~~~~~^~~~~~~~~~~~~~~~~~~~~~~~~~~~~~~~~~
#14 53.74 /src/tests/test_llm_compressor_loader.cpp: In member function 'virtual void LlmCompressorFormatDetect_ReturnsFalseWhenNoConfigPresent_Test::TestBody()':
#14 53.74 /src/tests/test_llm_compressor_loader.cpp:351:16: warning: ignoring return value of 'int system(const char*)' declared with attribute 'warn_unused_result' [-Wunused-result]
#14 53.74   351 |     std::system(("mkdir -p '" + dir + "'").c_str());
#14 53.74       |     ~~~~~~~~~~~^~~~~~~~~~~~~~~~~~~~~~~~~~~~~~~~~~~~
#14 53.74 /src/tests/test_llm_compressor_loader.cpp:356:16: warning: ignoring return value of 'int system(const char*)' declared with attribute 'warn_unused_result' [-Wunused-result]
#14 53.74   356 |     std::system(("rm -rf '" + dir + "'").c_str());
#14 53.74       |     ~~~~~~~~~~~^~~~~~~~~~~~~~~~~~~~~~~~~~~~~~~~~~
#14 53.75 [139/234] Building CXX object CMakeFiles/imp-server.dir/tools/imp-server/tool_call.cpp.o
#14 53.88 [140/234] Building CXX object CMakeFiles/test-text.dir/tests/test_tokenizer_compat.cpp.o
#14 53.89 [141/234] Building CXX object CMakeFiles/test-core.dir/tests/test_hf_config_loader.cpp.o
#14 55.18 [142/234] Building CXX object CMakeFiles/test-text.dir/tests/test_tokenizer.cpp.o
#14 55.30 [143/234] Building CXX object CMakeFiles/test-core.dir/tests/test_kv_cache.cpp.o
#14 55.49 [144/234] Building CXX object CMakeFiles/imp-server.dir/tools/imp-server/anthropic.cpp.o
#14 57.78 [145/234] Building CXX object CMakeFiles/test-text.dir/tests/test_chat_template.cpp.o
#14 59.30 [146/234] Building CUDA object CMakeFiles/test-compute.dir/tests/test_layernorm.cu.o
#14 59.30 [147/234] Building CUDA object CMakeFiles/test-compute.dir/tests/test_embedding.cu.o
#14 59.38 [148/234] Building CUDA object CMakeFiles/test-compute.dir/tests/test_rope.cu.o
#14 59.59 [149/234] Building CXX object CMakeFiles/test-text.dir/tests/test_jinja.cpp.o
#14 59.69 [150/234] Building CUDA object CMakeFiles/test-compute.dir/tests/test_fp8_gemm.cu.o
#14 59.90 [151/234] Building CUDA object CMakeFiles/test-compute.dir/tests/test_activation.cu.o
#14 60.00 [152/234] Building CUDA object CMakeFiles/test-compute.dir/tests/test_gemm.cu.o
#14 60.22 [153/234] Building CUDA object CMakeFiles/test-compute.dir/tests/test_gemm_dp4a.cu.o
#14 60.39 [154/234] Building CUDA object CMakeFiles/test-compute.dir/tests/test_mmvq.cu.o
#14 63.25 [155/234] Building CUDA object CMakeFiles/test-compute.dir/tests/test_reduce.cu.o
#14 64.13 [156/234] Building CUDA object CMakeFiles/test-compute.dir/tests/test_softmax.cu.o
#14 64.71 [157/234] Building CUDA object CMakeFiles/test-compute.dir/tests/test_sampling.cu.o
#14 65.13 [158/234] Building CUDA object CMakeFiles/test-attention.dir/tests/test_attention_tc.cu.o
#14 65.14 [159/234] Building CUDA object CMakeFiles/test-compute.dir/tests/test_executor_kernels.cu.o
#14 65.28 [160/234] Building CUDA object CMakeFiles/test-attention.dir/tests/test_attention_fmha_sm120.cu.o
#14 65.45 [161/234] Building CUDA object CMakeFiles/test-attention.dir/tests/test_fmha_fp8.cu.o
#14 65.55 [162/234] Building CUDA object CMakeFiles/test-attention.dir/tests/test_attention_mxfp4.cu.o
#14 65.69 [163/234] Building CUDA object CMakeFiles/test-attention.dir/tests/test_attention_fmha_mxfp4.cu.o
#14 65.81 [164/234] Building CXX object CMakeFiles/imp-server.dir/tools/imp-server/utils.cpp.o
#14 66.16 [165/234] Building CUDA object CMakeFiles/test-compute.dir/tests/test_hadamard.cu.o
#14 66.62 [166/234] Building CXX object CMakeFiles/imp-server.dir/tools/imp-server/main.cpp.o
#14 69.45 [167/234] Building CUDA object CMakeFiles/test-quant.dir/tests/test_nvfp4_quant.cu.o
#14 69.47 [168/234] Building CUDA object CMakeFiles/test-quant.dir/tests/test_quant.cu.o
#14 69.81 [169/234] Building CUDA object CMakeFiles/test-attention.dir/tests/test_paged_attention.cu.o
#14 69.95 [170/234] Building CUDA object CMakeFiles/test-quant.dir/tests/test_nvfp4_quant_ref.cu.o
#14 70.05 [171/234] Building CUDA object CMakeFiles/test-quant.dir/tests/test_nvfp4_quant_hw.cu.o
#14 70.05 [172/234] Building CUDA object CMakeFiles/test-quant.dir/tests/test_mxf4nvf4_mma_bench.cu.o
#14 70.24 [173/234] Building CUDA object CMakeFiles/test-quant.dir/tests/test_mxf4nvf4_probe.cu.o
#14 70.30 [174/234] Building CUDA object CMakeFiles/test-quant.dir/tests/test_nvfp4_gemv_kpar_loop.cu.o
#14 70.55 [175/234] Building CUDA object CMakeFiles/test-quant.dir/tests/test_mxf4nvf4_mma_variants_bench.cu.o
#14 70.76 [176/234] Building CUDA object CMakeFiles/test-quant.dir/tests/test_cutlass_grouped_3x_nvfp4.cu.o
#14 71.97 [177/234] Building CUDA object CMakeFiles/test-quant.dir/tests/test_turboquant.cu.o
#14 74.71 [178/234] Building CUDA object CMakeFiles/test-quant.dir/tests/test_mxf4nvf4_qkt_validate.cu.o
#14 75.32 [179/234] Building CUDA object CMakeFiles/test-kv.dir/tests/test_kv_cache_write.cu.o
#14 75.37 [180/234] Building CUDA object CMakeFiles/test-moe-gdn.dir/tests/test_ssm.cu.o
#14 75.43 [181/234] Building CUDA object CMakeFiles/test-quant.dir/tests/test_weight_dispatch.cu.o
#14 75.50 [182/234] Building CUDA object CMakeFiles/test-kv.dir/tests/test_green_ctx.cu.o
#14 75.54 [183/234] Building CUDA object CMakeFiles/test-moe-gdn.dir/tests/test_gdn.cu.o
#14 75.66 [184/234] Building CUDA object CMakeFiles/test-moe-gdn.dir/tests/test_json_constrain.cu.o
#14 76.09 [185/234] Building CUDA object CMakeFiles/test-kv.dir/tests/test_fp8_kv_cache.cu.o
#14 76.38 [186/234] Building CUDA object CMakeFiles/test-quant.dir/tests/test_quant_integration.cu.o
#14 76.74 [187/234] Building CUDA object CMakeFiles/test-moe-gdn.dir/tests/test_moe.cu.o
#14 77.37 [188/234] Building CXX object CMakeFiles/test-e2e.dir/tests/test_degeneration.cpp.o
#14 77.64 [189/234] Building CXX object CMakeFiles/test-e2e.dir/tests/gguf_stub.cpp.o
#14 77.67 [190/234] Building CXX object CMakeFiles/test-e2e.dir/tests/test_speculative.cpp.o
#14 77.79 [191/234] Building CXX object CMakeFiles/test-e2e.dir/tests/test_e2e.cpp.o
#14 77.85 [192/234] Building CXX object CMakeFiles/test-e2e.dir/tests/test_e2e_llm_compressor.cpp.o
#14 78.02 [193/234] Building CXX object CMakeFiles/test-e2e.dir/tests/test_e2e_models.cpp.o
#14 78.24 [194/234] Building CXX object CMakeFiles/test-e2e.dir/tests/test_weight_registry_preservation.cpp.o
#14 78.48 [195/234] Building CUDA object CMakeFiles/test-gdn.dir/tests/test_gdn_kernel.cu.o
#14 78.64 [196/234] Building CXX object _deps/googletest-build/googletest/CMakeFiles/gtest_main.dir/src/gtest_main.cc.o
#14 78.77 [197/234] Building CXX object _deps/googletest-build/googlemock/CMakeFiles/gmock_main.dir/src/gmock_main.cc.o
#14 79.19 [198/234] Building CUDA object CMakeFiles/test-moe-gdn.dir/tests/test_moe_executor.cu.o
#14 80.10 [199/234] Building CUDA object CMakeFiles/test-e2e.dir/tests/test_forward_pass.cu.o
#14 80.26 [200/234] Building CXX object CMakeFiles/test-e2e.dir/tests/test_continuous_batching.cpp.o
#14 80.58 [201/234] Building CXX object _deps/googletest-build/googlemock/CMakeFiles/gmock.dir/src/gmock-all.cc.o
#14 82.87 [202/234] Building CUDA object CMakeFiles/test-e2e.dir/tests/test_engine_integration.cu.o
#14 84.40 [203/234] Building CXX object CMakeFiles/imp-server.dir/tools/imp-server/handlers.cpp.o
#14 85.86 [204/234] Building CXX object _deps/googletest-build/googletest/CMakeFiles/gtest.dir/src/gtest-all.cc.o
#14 85.89 [205/234] Linking CXX static library lib/libgtest.a
#14 85.90 [206/234] Linking CXX static library lib/libgtest_main.a
#14 85.90 [207/234] Linking CXX static library lib/libgmock.a
#14 85.91 [208/234] Linking CXX static library lib/libgmock_main.a
#14 89.51 [209/234] Building CUDA object CMakeFiles/imp.dir/src/compute/gemm_cutlass_mxfp4_sm120.cu.o
#14 89.51 ptxas info    : (C7504) Potential Performance Loss: 'setmaxnreg' ignored to maintain compatibility across compilation units.
#14 90.80 [210/234] Building CUDA object CMakeFiles/imp.dir/src/compute/gemm_cutlass_grouped_3x.cu.o
#14 90.80 ptxas info    : (C7504) Potential Performance Loss: 'setmaxnreg' ignored to maintain compatibility across compilation units.
#14 91.85 [211/234] Building CUDA object CMakeFiles/imp.dir/src/compute/gemm_cutlass_sm120.cu.o
#14 91.85 ptxas info    : (C7504) Potential Performance Loss: 'setmaxnreg' ignored to maintain compatibility across compilation units.
#14 93.36 [212/234] Linking CXX static library CMakeFiles/imp.dir/cmake_device_link.o
#14 93.72 [213/234] Linking CXX static library libimp.a
#14 93.77 [214/234] Linking CXX executable CMakeFiles/test-core.dir/cmake_device_link.o
#14 93.78 [215/234] Linking CXX executable CMakeFiles/test-text.dir/cmake_device_link.o
#14 93.79 [216/234] Linking CXX executable CMakeFiles/imp-bench.dir/cmake_device_link.o
#14 93.79 [217/234] Linking CXX executable CMakeFiles/test-kv.dir/cmake_device_link.o
#14 93.81 [218/234] Linking CXX executable CMakeFiles/test-e2e.dir/cmake_device_link.o
#14 93.81 [219/234] Linking CXX executable CMakeFiles/test-moe-gdn.dir/cmake_device_link.o
#14 93.82 [220/234] Linking CXX executable CMakeFiles/test-attention.dir/cmake_device_link.o
#14 93.85 [221/234] Linking CXX executable CMakeFiles/test-compute.dir/cmake_device_link.o
#14 93.85 [222/234] Linking CXX executable CMakeFiles/test-quant.dir/cmake_device_link.o
#14 94.09 [223/234] Linking CXX executable test-text
#14 94.11 [224/234] Linking CXX executable test-gdn
#14 94.16 [225/234] Linking CXX executable imp-bench
#14 94.26 [226/234] Linking CXX executable imp-cli
#14 94.29 [227/234] Linking CXX executable test-kv
#14 94.31 [228/234] Linking CXX executable test-moe-gdn
#14 94.33 [229/234] Linking CXX executable test-attention
#14 94.35 [230/234] Linking CXX executable test-core
#14 94.35 [231/234] Linking CXX executable test-compute
#14 94.37 [232/234] Linking CXX executable test-quant
#14 94.45 [233/234] Linking CXX executable test-e2e
#14 94.46 [234/234] Linking CXX executable imp-server
#14 DONE 94.9s

#15 [stage-1  2/19] RUN apt-get update && apt-get install -y --no-install-recommends --allow-change-held-packages         libcublas-13-2         curl         jq     && rm -rf /var/lib/apt/lists/*
#15 CACHED

#16 [stage-1  3/19] COPY --from=builder /tmp/imp-server /usr/local/bin/imp-server
#16 DONE 0.1s

#17 [stage-1  4/19] COPY --from=builder /tmp/imp-cli /usr/local/bin/imp-cli
#17 DONE 0.1s

#18 [stage-1  5/19] COPY --from=builder /tmp/imp-test[s] /usr/local/bin/
#18 DONE 0.2s

#19 [stage-1  6/19] COPY --from=builder /tmp/test-cor[e] /usr/local/bin/
#19 DONE 0.1s

#20 [stage-1  7/19] COPY --from=builder /tmp/test-tex[t] /usr/local/bin/
#20 DONE 0.1s

#21 [stage-1  8/19] COPY --from=builder /tmp/test-comput[e] /usr/local/bin/
#21 DONE 0.1s

#22 [stage-1  9/19] COPY --from=builder /tmp/test-attentio[n] /usr/local/bin/
#22 DONE 0.1s

#23 [stage-1 10/19] COPY --from=builder /tmp/test-quan[t] /usr/local/bin/
#23 DONE 0.1s

#24 [stage-1 11/19] COPY --from=builder /tmp/test-k[v] /usr/local/bin/
#24 DONE 0.1s

#25 [stage-1 12/19] COPY --from=builder /tmp/test-moe-gd[n] /usr/local/bin/
#25 DONE 0.1s

#26 [stage-1 13/19] COPY --from=builder /tmp/test-e2[e] /usr/local/bin/
#26 DONE 0.1s

#27 [stage-1 14/19] COPY --from=builder /tmp/imp-benc[h] /usr/local/bin/
#27 DONE 0.1s

#28 [stage-1 15/19] COPY --from=builder /tmp/test-gd[n] /usr/local/bin/
#28 DONE 0.1s

#29 [stage-1 16/19] COPY docker-entrypoint.sh /usr/local/bin/docker-entrypoint.sh
#29 DONE 0.1s

#30 [stage-1 17/19] RUN chmod +x /usr/local/bin/docker-entrypoint.sh
#30 DONE 0.2s

#31 [stage-1 18/19] RUN useradd -m -s /bin/bash imp     && mkdir -p /models     && chown imp:imp /models
#31 DONE 0.3s

#32 [stage-1 19/19] WORKDIR /home/imp
#32 DONE 0.1s

#33 exporting to image
#33 exporting layers
#33 exporting layers 2.4s done
#33 exporting manifest sha256:4b8236491410d5f1f49b320f9d822ef842cbf37327d318177249e533810efff9 0.0s done
#33 exporting config sha256:06e8d39530d1b2d02e6509b92a2eb4275d0af8eaf8a37abbd9fba5b0a17455e7 0.0s done
#33 exporting attestation manifest sha256:c66290a648c67caf9c5533b155fad6bace2ab25197709461c0140567c7f9ed05 0.0s done
#33 exporting manifest list sha256:c59397592b0dcb41f9b0193a561d20de8f3c2a677e1bd10803b2917b82d7499d 0.0s done
#33 naming to docker.io/library/imp:bringup done
#33 unpacking to docker.io/library/imp:bringup
#33 unpacking to docker.io/library/imp:bringup 2.4s done
#33 DONE 4.9s
